Datation;Flux;Activit√© ou Campagne;Prevision;Capacitaire;Presentes;Traites;DMT;QP;QS;QE
2023-01-01;Convergents + Mobile;ORANGE AC;0,0;0,0;0,0;0,0;;;;
2023-01-02;Convergents + Mobile;ORANGE AC;6268,888888888889;5563,441339;4794,0;4499,0;700,4380603234382;0,7647288195675292;0,9384647476011682;0,7176710386387806
2023-01-03;Convergents + Mobile;ORANGE AC;5446,666666666667;5456,28035;4221,0;3926,0;728,9362136548223;0,774969400244798;0,9301113480217957;0,7208078335373317
2023-01-04;Convergents + Mobile;ORANGE AC;5595,555555555556;5747,363412;4971,0;4779,0;691,0269921760902;0,888383637807784;0,9613759806879904;0,8540706910246227
2023-01-05;Convergents + Mobile;ORANGE AC;5084,444444444445;5033,339178;4641,0;4538,0;706,7285380324989;0,9127840909090907;0,9778065072182719;0,8925262237762236
2023-01-06;Convergents + Mobile;ORANGE AC;5146,666666666667;4961,605128;4504,0;4383,0;698,4714028655902;0,8751295336787565;0,9731349911190054;0,8516191709844559
2023-01-07;Convergents + Mobile;ORANGE AC;3206,666666666667;3127,077973;3123,0;3032,0;685,434624458306;0,9739085239085238;0,9708613512648094;0,9455301455301455
2023-01-08;Convergents + Mobile;ORANGE AC;0,0;0,0;0,0;0,0;;;;
2023-01-09;Convergents + Mobile;ORANGE AC;5322,222222222223;6053,56057;5709,0;5537,0;700,7969824491998;1,0726722338204593;0,9698721317218427;1,0403549060542796
2023-01-10;Convergents + Mobile;ORANGE AC;4722,222222222223;5894,491564;5082,0;4931,0;694,8561904261765;1,0761882352941174;0,9702872884691066;1,0442117647058822
2023-01-11;Convergents + Mobile;ORANGE AC;4851,111111111111;6072,986208;4836,0;4735,0;705,4347400758534;0,9968850206138341;0,979114971050455;0,9760650480989463
2023-01-12;Convergents + Mobile;ORANGE AC;4405,555555555556;5610,42024;3866,0;3764,0;733,3566964465658;0,8775283732660781;0,9736161407139162;0,8543757881462799
2023-01-13;Convergents + Mobile;ORANGE AC;4462,222222222223;5508,484956;4199,0;4057,0;679,7049975417895;0,9410109561752987;0,9661824243867587;0,9091882470119521
2023-01-14;Convergents + Mobile;ORANGE AC;2778,888888888889;3475,773925;2830,0;2751,0;687,5030823806078;1,0183926429428227;0,9720848056537102;0,9899640143942422
2023-01-15;Convergents + Mobile;ORANGE AC;0,0;0,0;0,0;0,0;;;;
2023-01-16;Convergents + Mobile;ORANGE AC;5576,666666666667;5718,28264;5411,0;5285,0;699,155436495662;0,9702928870292886;0,9767141009055628;0,9476987447698745
2023-01-17;Convergents + Mobile;ORANGE AC;4840,0;5617,846015;4785,0;4649,0;728,8696888960343;0,9886363636363636;0,9715778474399164;0,9605371900826446
2023-01-18;Convergents + Mobile;ORANGE AC;4968,888888888889;5978,509136;4975,0;4860,0;690,9701020542317;1,0012298747763864;0,9768844221105528;0,9780858676207513
2023-01-19;Convergents + Mobile;ORANGE AC;4515,555555555556;5290,493634;4858,0;4712,0;676,2871594313601;1,0758366141732283;0,9699464800329354;1,043503937007874
2023-01-20;Convergents + Mobile;ORANGE AC;4570,0;5173,338754;4290,0;4227,0;699,916962966462;0,9387308533916849;0,9853146853146854;0,924945295404814
2023-01-21;Convergents + Mobile;ORANGE AC;2848,888888888889;3263,581962;2854,0;2778,0;655,2748153652393;1,0017940717628704;0,9733707077785564;0,9751170046801871
2023-01-22;Convergents + Mobile;ORANGE AC;0,0;0,0;0,0;0,0;;;;
2023-01-23;Convergents + Mobile;ORANGE AC;5753,333333333334;5950,873972;5103,0;4977,0;668,1656469272617;0,8869640787949015;0,9753086419753086;0,865063731170336
2023-01-24;Convergents + Mobile;ORANGE AC;4991,111111111111;5819,263389;4911,0;4812,0;646,6113679032931;0,9839492430988424;0,9798411728772144;0,964113980409617
2023-01-25;Convergents + Mobile;ORANGE AC;5126,666666666666;6277,056684;5322,0;5154,0;658,1847570532915;1,038101430429129;0,9684329199549042;1,005331599479844
2023-01-26;Convergents + Mobile;ORANGE AC;4657,777777777778;5535,733541;4676,0;4544,0;648,7701893803323;1,003912213740458;0,9717707442258341;0,9755725190839694
2023-01-27;Convergents + Mobile;ORANGE AC;4715,555555555556;5456,839476;4758,0;4637,0;659,8842636564851;1,0090009425070687;0,9745691467002943;0,9833411875589066
2023-01-28;Convergents + Mobile;ORANGE AC;2938,8888888888887;3440,988357;2522,0;2465,0;633,4384689249493;0,8581474480151229;0,9773988897700238;0,8387523629489604
2023-01-29;Convergents + Mobile;ORANGE AC;0,0;0,0;0,0;0,0;;;;
2023-01-30;Convergents + Mobile;ORANGE AC;6296,666666666668;5908,809582;5762,0;5637,0;639,5653506333696;0,9150873478030702;0,9783061437001042;0,8952355743779776
2023-01-31;Convergents + Mobile;ORANGE AC;5462,222222222223;5794,996235;7090,0;6723,0;622,1190525381087;1,2980065093572009;0,9482369534555712;1,2308177379983725
2023-02-01;Convergents + Mobile;ORANGE AC;5813,333333333333;5947,016778;5470,0;5376,0;669,5174648959882;0,9409403669724771;0,9828153564899451;0,9247706422018349
2023-02-02;Convergents + Mobile;ORANGE AC;5281,111111111111;5241,445652;4825,0;4727,0;647,3768814705261;0,9136334946349673;0,9796891191709844;0,8950767936040395
2023-02-03;Convergents + Mobile;ORANGE AC;5341,111111111111;5084,332714;4502,0;4405,0;667,1484031987296;0,8428957769918868;0,9784540204353621;0,8247347618056999
2023-02-04;Convergents + Mobile;ORANGE AC;3331,1111111111113;3205,142208;2839,0;2759,0;654,7884201449275;0,8522681787858571;0,9718210637548432;0,8282521681120747
2023-02-05;Convergents + Mobile;ORANGE AC;0,0;0,0;0,0;0,0;;;;
2023-02-06;Convergents + Mobile;ORANGE AC;7054,444444444445;6246,561888;5879,0;5738,0;657,5561739130435;0,8333753346983777;0,9760163293077054;0,8133879351078909
2023-02-07;Convergents + Mobile;ORANGE AC;6124,444444444444;6084,988718;7931,0;7301,0;636,6283050701921;1,2949746008708274;0,9205648720211828;1,1921081277213352
2023-02-08;Convergents + Mobile;ORANGE AC;6281,111111111111;6225,409218;6047,0;5954,0;642,8713182122531;0,9627277551742437;0,9846204729617992;0,9479214576331151
2023-02-09;Convergents + Mobile;ORANGE AC;5705,555555555556;5508,980096;5337,0;5283,0;665,0611804565177;0,9354040895813047;0,9898819561551433;0,9259396299902629
2023-02-10;Convergents + Mobile;ORANGE AC;5771,111111111111;5390,909076;4979,0;4857,0;650,3481532416906;0,8627454755487101;0,9754970877686282;0,8416056988833269
2023-02-11;Convergents + Mobile;ORANGE AC;3598,888888888889;3399,245676;3913,0;3844,0;626,4406013734128;1,087280024698981;0,9823664707385638;1,0681074405680764
2023-02-12;Convergents + Mobile;ORANGE AC;0,0;0,0;0,0;0,0;;;;
2023-02-13;Convergents + Mobile;ORANGE AC;7163,333333333334;6044,900255;7121,0;7035,0;608,6614297824243;0,9940902745463005;0,9879230445162196;0,9820846905537458
2023-02-14;Convergents + Mobile;ORANGE AC;6217,777777777778;5924,825506;6120,0;6093,0;590,9796896084829;0,9842744817726947;0,9955882352941177;0,9799320943531092
2023-02-15;Convergents + Mobile;ORANGE AC;6376,666666666667;5921,822893;6538,0;6472,0;575,0368860122699;1,0253005750130684;0,9899051697766901;1,0149503397804496
2023-02-16;Convergents + Mobile;ORANGE AC;5792,222222222223;5099,875342;7481,0;7064,0;569,5481471985469;1,2915595626318817;0,9442587889319609;1,2195664684442737
2023-02-17;Convergents + Mobile;ORANGE AC;5857,777777777777;4775,558672;6494,0;6266,0;588,5422130166271;1,1086115326251897;0,9648906683092086;1,0696889226100152
2023-02-18;Convergents + Mobile;ORANGE AC;3655,5555555555557;3023,561545;3457,0;3410,0;588,7663025058275;0,9456838905775076;0,986404396875904;0,9328267477203647
2023-02-19;Convergents + Mobile;ORANGE AC;0,0;0,0;0,0;0,0;;;;
2023-02-20;Convergents + Mobile;ORANGE AC;7006,666666666667;5376,818769;6970,0;6906,0;586,576823292015;0,99476688867745;0,9908177905308465;0,9856327307326356
2023-02-21;Convergents + Mobile;ORANGE AC;6078,88888888889;5234,424991;6314,0;6247,0;573,0628238133037;1,0386766587461158;0,9893886601203674;1,0276549076951196
2023-02-22;Convergents + Mobile;ORANGE AC;6235,555555555556;5411,646702;6500,0;6409,0;593,2283246220303;1,0424091233071988;0,986;1,027815395580898
2023-02-23;Convergents + Mobile;ORANGE AC;5664,444444444444;4755,424745;6089,0;6034,0;596,7976179124136;1,0749509611612398;0,9909673181146329;1,0652412710867007
2023-02-24;Convergents + Mobile;ORANGE AC;5726,666666666667;4667,872351;6011,0;5960,0;583,422017222964;1,04965075669383;0,9915155548161704;1,0407450523864958
2023-02-25;Convergents + Mobile;ORANGE AC;3575,5555555555557;2955,381832;4065,0;3891,0;560,6411999491095;1,136886264760721;0,9571955719557196;1,0882224984462399
2023-02-26;Convergents + Mobile;ORANGE AC;0,0;0,0;0,0;0,0;;;;
2023-02-27;Convergents + Mobile;ORANGE AC;7132,222222222223;5507,960691;7214,0;7116,0;573,1059706742825;1,0114659604299734;0,9864153035763793;0,9977255024147063
2023-02-28;Convergents + Mobile;ORANGE AC;6186,666666666667;5292,66616;6383,0;6341,0;570,5842540981037;1,0317349137931033;0,9934200219332602;1,024946120689655
2023-03-01;Convergents + Mobile;ORANGE AC;6526,666666666667;5509,902857;6925,0;6831,0;590,9040489719084;1,0610316649642493;0,9864259927797834;1,046629213483146
2023-03-02;Convergents + Mobile;ORANGE AC;5932,222222222222;4835,685079;5671,0;5576,0;595,4951130736393;0,9559655366173442;0,98324810439076;0,9399513017418993
2023-03-03;Convergents + Mobile;ORANGE AC;5994,444444444445;4746,988831;6105,0;6020,0;581,8082122015478;1,018443002780352;0,9860769860769861;1,0042632066728452
2023-03-04;Convergents + Mobile;ORANGE AC;3744,4444444444443;2967,904636;3337,0;3263,0;584,479993329272;0,891186943620178;0,9778243931675157;0,8714243323442137
2023-03-05;Convergents + Mobile;ORANGE AC;0,0;0,0;0,0;0,0;;;;
2023-03-06;Convergents + Mobile;ORANGE AC;7165,555555555556;5277,843735;6894,0;6817,0;599,6945229221348;0,9621026515738874;0,9888308674209457;0,951356799503799
2023-03-07;Convergents + Mobile;ORANGE AC;6221,111111111111;5166,476962;8159,0;7751,0;566,1538987586383;1,3115020539382032;0,9499938717980144;1,245918914091802
2023-03-08;Convergents + Mobile;ORANGE AC;6380,000000000001;5351,181376;5637,0;5578,0;591,5307613352375;0,8835423197492162;0,9895334397729288;0,8742946708463949
2023-03-09;Convergents + Mobile;ORANGE AC;5793,333333333334;4674,049685;4802,0;4739,0;576,3764492984294;0,8288837744533947;0,9868804664723032;0,8180092059838895
2023-03-10;Convergents + Mobile;ORANGE AC;5856,666666666667;4507,44171;5547,0;5480,0;590,4965713430126;0,9471257825839499;0,9879213989543898;0,9356858281161069
2023-03-11;Convergents + Mobile;ORANGE AC;3655,5555555555557;2839,893747;4280,0;4125,0;566,2363666666666;1,1708206686930092;0,9637850467289719;1,128419452887538
2023-03-12;Convergents + Mobile;ORANGE AC;0,0;0,0;0,0;0,0;;;;
2023-03-13;Convergents + Mobile;ORANGE AC;7096,666666666667;5281,555298;7090,0;6942,0;573,2612803161943;0,9990605918271489;0,9791255289139633;0,9782057303898544
2023-03-14;Convergents + Mobile;ORANGE AC;6157,777777777778;5155,556743;5818,0;5752,0;572,2886988798897;0,9448213641284734;0,9886558954967343;0,9341032118368819
2023-03-15;Convergents + Mobile;ORANGE AC;6317,777777777778;5289,456355;7436,0;6688,0;542,7396774808033;1,176996130847696;0,8994082840236687;1,0586000703482237
2023-03-16;Convergents + Mobile;ORANGE AC;5740,0;4658,443509;5477,0;5391,0;606,0121720213943;0,9541811846689896;0,984297973343071;0,939198606271777
2023-03-17;Convergents + Mobile;ORANGE AC;5804,444444444445;4592,05239;5544,0;5458,0;620,6331628004369;0,9551301684532923;0,9844877344877345;0,94031393568147
2023-03-18;Convergents + Mobile;ORANGE AC;3623,3333333333335;2880,940717;3067,0;3018,0;569,2901024752475;0,846458141674333;0,984023475709162;0,8329346826126954
2023-03-19;Convergents + Mobile;ORANGE AC;0,0;0,0;0,0;0,0;;;;
2023-03-20;Convergents + Mobile;ORANGE AC;6711,111111111111;5472,082241;6183,0;6057,0;612,6467287704918;0,9213079470198675;0,9796215429403202;0,9025331125827815
2023-03-21;Convergents + Mobile;ORANGE AC;5825,555555555556;5380,027912;5486,0;5432,0;593,4022617259069;0,9417127598703032;0,990156762668611;0,9324432576769025
2023-03-22;Convergents + Mobile;ORANGE AC;5974,444444444444;5562,810018;5576,0;5467,0;607,1714649597659;0,9333085363585643;0,9804519368723099;0,915064162172215
2023-03-23;Convergents + Mobile;ORANGE AC;5431,111111111111;5242,560379;5867,0;5823,0;571,6945159656652;1,0802577741407529;0,9925004261121527;1,0721563011456627
2023-03-24;Convergents + Mobile;ORANGE AC;5488,888888888889;5167,844554;5068,0;5023,0;546,6766129898548;0,9233198380566802;0,9911207576953434;0,9151214574898786
2023-03-25;Convergents + Mobile;ORANGE AC;3426,666666666667;3271,930498;2969,0;2950,0;529,6305304303626;0,8664396887159532;0,9936005389019872;0,8608949416342412
2023-03-26;Convergents + Mobile;ORANGE AC;0,0;0,0;0,0;0,0;;;;
2023-03-27;Convergents + Mobile;ORANGE AC;6943,333333333334;5400,829272;6060,0;5976,0;542,161238749582;0,8727796447431588;0,9861386138613861;0,8606817090734517
2023-03-28;Convergents + Mobile;ORANGE AC;6025,555555555556;5296,800457;6604,0;6239,0;544,6281152786676;1,0959985248017703;0,9447304663840097;1,035423197492163
2023-03-29;Convergents + Mobile;ORANGE AC;6181,111111111111;5480,116367;5867,0;5717,0;560,4538483036027;0,9491820959913715;0,9744332708368842;0,9249146144166817
2023-03-30;Convergents + Mobile;ORANGE AC;5615,555555555556;4849,456627;5465,0;5244,0;544,7542719024018;0,973189552829442;0,9595608417200366;0,9338345864661654
2023-03-31;Convergents + Mobile;ORANGE AC;5676,666666666667;4762,829252;5317,0;4989,0;555,0602118790064;0,9366412213740457;0,9383110776753808;0,8788608338226659
2023-04-01;Convergents + Mobile;ORANGE AC;3476,666666666667;3015,502135;3135,0;3057,0;564,1089493948315;0,9017257909875359;0,9751196172248804;0,8792905081495684
2023-04-02;Convergents + Mobile;ORANGE AC;0,0;0,0;0,0;0,0;;;;
2023-04-03;Convergents + Mobile;ORANGE AC;6917,777777777778;5697,710556;7039,0;6628,0;551,6716539819005;1,0175232894314166;0,9416110242932235;0,9581111468037262
2023-04-04;Convergents + Mobile;ORANGE AC;6001,111111111111;5561,103279;5081,0;4974,0;551,9137984519501;0,8466765413812257;0,9789411533162763;0,828846509905573
2023-04-05;Convergents + Mobile;ORANGE AC;6164,444444444444;5702,087292;6202,0;5866,0;572,3563225196045;1,0060922855082912;0,945823927765237;0,9515861571737563
2023-04-06;Convergents + Mobile;ORANGE AC;5596,666666666667;4949,150321;6338,0;5845,0;558,3974386511469;1,132459797498511;0,9222152098453771;1,0443716497915425
2023-04-07;Convergents + Mobile;ORANGE AC;5680,000000000001;4753,099264;4627,0;4540,0;577,769684352993;0,8146126760563379;0,9811973200778042;0,7992957746478871
2023-04-08;Convergents + Mobile;ORANGE AC;3402,222222222222;3009,341763;2828,0;2787,0;589,0133061648745;0,8312214239059439;0,9855021216407355;0,8191704768125408
2023-04-09;Convergents + Mobile;ORANGE AC;0,0;0,0;0,0;0,0;;;;
2023-04-10;Convergents + Mobile;ORANGE AC;0,0;0,0;0,0;0,0;;;;
2023-04-11;Convergents + Mobile;ORANGE AC;7650,0;6672,892219;7437,0;7083,0;558,8231134471569;0,972156862745098;0,9524001613553852;0,9258823529411765
2023-04-12;Convergents + Mobile;ORANGE AC;6873,333333333333;7136,239273;6525,0;6419,0;563,0698242603551;0,9493210475266731;0,9837547892720306;0,9338991270611058
2023-04-13;Convergents + Mobile;ORANGE AC;6223,333333333334;6268,860243;7325,0;6972,0;562,125040349871;1,1770219603642205;0,9518088737201366;1,120299946438136
2023-04-14;Convergents + Mobile;ORANGE AC;6371,111111111112;6179,517816;6187,0;6109,0;562,0150066295629;0,9711021974189046;0,9873929206400517;0,9588594349494243
2023-04-15;Convergents + Mobile;ORANGE AC;3898,8888888888887;3815,47581;3951,0;3913,0;601,9353723230258;1,0133656312339698;0,9903821817261452;1,0036192647477915
2023-04-16;Convergents + Mobile;ORANGE AC;0,0;0,0;0,0;0,0;;;;
2023-04-17;Convergents + Mobile;ORANGE AC;6905,555555555556;5534,480625;7284,0;7129,0;575,25725042783;1,0548028962188254;0,9787204832509611;1,032357200321802
2023-04-18;Convergents + Mobile;ORANGE AC;6351,111111111111;5441,844689;5741,0;5588,0;569,1066418962433;0,9039363191042686;0,9733495906636475;0,8798460461861441
2023-04-19;Convergents + Mobile;ORANGE AC;6514,444444444444;5529,195365;5865,0;5813,0;586,1413020127301;0,9003070100631076;0,9911338448422847;0,8923247484223095
2023-04-20;Convergents + Mobile;ORANGE AC;5920,0;4892,887544;6120,0;5656,0;585,4637085365854;1,0337837837837838;0,9241830065359478;0,9554054054054054
2023-04-21;Convergents + Mobile;ORANGE AC;5985,555555555556;4770,613243;5627,0;5521,0;577,4193146350299;0,9400965286801559;0,9811622534210058;0,9223872285130871
2023-04-22;Convergents + Mobile;ORANGE AC;3737,777777777778;3020,430433;3268,0;3224,0;549,4440390077519;0,8743162901307967;0,9865361077111383;0,8625445897740784
2023-04-23;Convergents + Mobile;ORANGE AC;0,0;0,0;0,0;0,0;;;;
2023-04-24;Convergents + Mobile;ORANGE AC;7081,111111111111;6078,304329;6794,0;6607,0;673,0936085286556;0,9594539463361054;0,9724757138651752;0,9330456613839636
2023-04-25;Convergents + Mobile;ORANGE AC;6540,0;5917,54536;5841,0;5787,0;586,5867580600622;0,8931192660550459;0,9907550077041603;0,884862385321101
2023-04-26;Convergents + Mobile;ORANGE AC;6712,222222222223;6070,46682;6221,0;6117,0;581,1328903415591;0,9268167521933455;0,9832824304774153;0,9113226287038569
2023-04-27;Convergents + Mobile;ORANGE AC;6093,333333333334;5349,574157;5234,0;5174,0;576,2033759891913;0,8589715536105031;0,988536492166603;0,849124726477024
2023-04-28;Convergents + Mobile;ORANGE AC;6240,0;5231,577275;5207,0;5065,0;569,7630513417522;0,8344551282051282;0,9727290186287689;0,811698717948718
2023-04-29;Convergents + Mobile;ORANGE AC;3811,1111111111113;3273,321921;3502,0;3442,0;592,4827229808251;0,9188921282798833;0,9828669331810395;0,9031486880466472
2023-04-30;Convergents + Mobile;ORANGE AC;0,0;0,0;0,0;0,0;;;;
2023-05-01;Convergents + Mobile;ORANGE AC;0,0;0,0;0,0;0,0;;;;
2023-05-02;Convergents + Mobile;ORANGE AC;6978,888888888889;7449,368457;7944,0;7383,0;574,1206813540962;1,1382900811972616;0,929380664652568;1,0579047922305365
2023-05-03;Convergents + Mobile;ORANGE AC;6375,555555555556;7533,997502;6057,0;5963,0;565,8661915143384;0,9500348553502963;0,9844807660558033;0,9352910421749738
2023-05-04;Convergents + Mobile;ORANGE AC;5734,444444444444;6566,894128;5510,0;5438,0;568,2812533002391;0,9608602983917846;0,9869328493647913;0,9483045921333075
2023-05-05;Convergents + Mobile;ORANGE AC;5848,888888888889;6473,304188;6333,0;6260,0;563,2272452673584;1,0827697568389059;0,9884730775303964;1,0702887537993921
2023-05-06;Convergents + Mobile;ORANGE AC;3554,444444444445;4066,801212;3496,0;3426,0;598,1584222935512;0,9835573616755235;0,9799771167048055;0,9638637074085651
2023-05-07;Convergents + Mobile;ORANGE AC;0,0;0,0;0,0;0,0;;;;
2023-05-08;Convergents + Mobile;ORANGE AC;0,0;0,0;0,0;0,0;;;;
2023-05-09;Convergents + Mobile;ORANGE AC;6600,0;7041,981119;8100,0;7708,0;560,1989261219196;1,2272727272727273;0,951604938271605;1,167878787878788
2023-05-10;Convergents + Mobile;ORANGE AC;6018,888888888889;7279,920679;7384,0;7153,0;567,1586104990913;1,2268045043381945;0,9687161430119177;1,1884253276721433
2023-05-11;Convergents + Mobile;ORANGE AC;5414,444444444444;6291,331347;6228,0;6168,0;572,4148596465628;1,1502565154935358;0,9903660886319846;1,1391750461727888
2023-05-12;Convergents + Mobile;ORANGE AC;5522,222222222223;6201,668667;5641,0;5593,0;591,8121555833483;1,0215090543259557;0,9914908704130473;1,0128169014084507
2023-05-13;Convergents + Mobile;ORANGE AC;3355,5555555555557;3926,478174;3379,0;3328,0;578,8951254807693;1,0069867549668874;0,9849067771530039;0,9917880794701986
2023-05-14;Convergents + Mobile;ORANGE AC;0,0;0,0;0,0;0,0;;;;
2023-05-15;Convergents + Mobile;ORANGE AC;5091,111111111111;6827,146991;5988,0;5942,0;575,7498600672834;1,1761676123963334;0,9923179692718771;1,167132256656482
2023-05-16;Convergents + Mobile;ORANGE AC;4432,222222222223;6558,492941;4837,0;4797,0;556,7881813047103;1,0913261469039859;0,9917304114120322;1,082301328653798
2023-05-17;Convergents + Mobile;ORANGE AC;4513,333333333334;6808,953664;4788,0;4757,0;585,1163851175482;1,0608567208271786;0,9935254803675856;1,0539881831610043
2023-05-18;Convergents + Mobile;ORANGE AC;0,0;0,0;0,0;0,0;;;;
2023-05-19;Convergents + Mobile;ORANGE AC;4527,777777777778;5913,070025;5047,0;4640,0;554,5927238352027;1,1146748466257668;0,9193580344759263;1,0247852760736196
2023-05-20;Convergents + Mobile;ORANGE AC;2660,0;3743,756986;2788,0;2759,0;573,9934788329105;1,0481203007518798;0,9895982783357246;1,037218045112782
2023-05-21;Convergents + Mobile;ORANGE AC;0,0;0,0;0,0;0,0;;;;
2023-05-22;Convergents + Mobile;ORANGE AC;5117,777777777778;5548,787893;5873,0;5825,0;547,6893320686695;1,1475683890577506;0,9918270049378511;1,1381893182805036
2023-05-23;Convergents + Mobile;ORANGE AC;4447,777777777778;5441,909153;4758,0;4734,0;572,46416121673;1,069747689233075;0,9949558638083228;1,0643517361978514
2023-05-24;Convergents + Mobile;ORANGE AC;4596,666666666667;5599,341152;5046,0;5023,0;546,5734455504678;1,0977519941986946;0,9954419342053111;1,092748368382886
2023-05-25;Convergents + Mobile;ORANGE AC;4186,666666666667;4932,666315;4508,0;4434,0;541,7755938724938;1,0767515923566877;0,9835847382431233;1,059076433121019
2023-05-26;Convergents + Mobile;ORANGE AC;4210,0;4862,367032;4804,0;4739,0;543,5823303605313;1,1410926365795724;0,9864696086594504;1,1256532066508314
2023-05-27;Convergents + Mobile;ORANGE AC;2548,888888888889;3053,477133;2798,0;2742,0;532,5662383296864;1,0977332170880556;0,9799857040743388;1,0757628596338273
2023-05-28;Convergents + Mobile;ORANGE AC;0,0;0,0;0,0;0,0;;;;
2023-05-29;Convergents + Mobile;ORANGE AC;0,0;0,0;0,0;0,0;;;;
2023-05-30;Convergents + Mobile;ORANGE AC;5554,444444444444;6549,534887;6433,0;6034,0;549,3948573558648;1,1581716343268653;0,9379760609357998;1,0863372674534908
2023-05-31;Convergents + Mobile;ORANGE AC;4815,555555555556;6740,782054;5545,0;5492,0;562,3054058994902;1,1514766958929394;0,9904418394950406;1,1404706968158744
2023-06-01;Convergents + Mobile;ORANGE AC;4248,888888888889;6603,910023;4800,0;4670,0;565,2068534674657;1,1297071129707112;0,9729166666666667;1,099110878661088
2023-06-02;Convergents + Mobile;ORANGE AC;4310,0;6385,461855;3971,0;3936,0;585,9551231707318;0,9213457076566125;0,9911860992193402;0,9132250580046404
2023-06-03;Convergents + Mobile;ORANGE AC;2543,3333333333335;4008,618489;2338,0;2319,0;594,1116076326002;0,9192660550458716;0,9918733960650128;0,9117955439056356
2023-06-04;Convergents + Mobile;ORANGE AC;0,0;0,0;0,0;0,0;;;;
2023-06-05;Convergents + Mobile;ORANGE AC;4890,0;5808,597359;5186,0;5117,0;552,8487550713309;1,0605316973415133;0,9866949479367528;1,0464212678936606
2023-06-06;Convergents + Mobile;ORANGE AC;4246,666666666667;5672,44711;5202,0;5120,0;539,8716825985174;1,224960753532182;0,9842368319876971;1,205651491365777
2023-06-07;Convergents + Mobile;ORANGE AC;4365,555555555556;5866,396343;4724,0;4627,0;555,7487074497949;1,0821074064647493;0,9794665537679932;1,059888012216849
2023-06-08;Convergents + Mobile;ORANGE AC;3965,5555555555557;5233,642564;4096,0;4026,0;555,7776330849479;1,0328943681703557;0,98291015625;1,0152423648080695
2023-06-09;Convergents + Mobile;ORANGE AC;4016,666666666667;5137,077034;3912,0;3862,0;571,4066059280352;0,9739419087136929;0,9872188139059305;0,9614937759336099
2023-06-10;Convergents + Mobile;ORANGE AC;2500,0;3213,490744;2249,0;2229,0;545,2229187079408;0,8996;0,9911071587372166;0,8916
2023-06-11;Convergents + Mobile;ORANGE AC;0,0;0,0;0,0;0,0;;;;
2023-06-12;Convergents + Mobile;ORANGE AC;4977,777777777778;5724,468579;4921,0;4883,0;551,8918518427517;0,9885937499999999;0,9922779922779923;0,9809598214285713
2023-06-13;Convergents + Mobile;ORANGE AC;4320,0;5568,098351;3702,0;3657,0;544,6179749521466;0,8569444444444444;0,9878444084278768;0,8465277777777778
2023-06-14;Convergents + Mobile;ORANGE AC;4444,444444444444;5780,737131;4302,0;4242,0;539,8828547916177;0,96795;0,9860529986052998;0,95445
2023-06-15;Convergents + Mobile;ORANGE AC;4035,5555555555557;5097,645889;3709,0;3658,0;559,7628864680153;0,9190803964757709;0,9862496629819358;0,906442731277533
2023-06-16;Convergents + Mobile;ORANGE AC;4086,6666666666665;5014,006953;4160,0;4105,0;570,7979364012662;1,0179445350734095;0,9867788461538461;1,0044861337683524
2023-06-17;Convergents + Mobile;ORANGE AC;2545,5555555555557;3174,530908;1959,0;1928,0;543,0726675311204;0,7695766041030118;0,9841755997958141;0,7573985159319074
2023-06-18;Convergents + Mobile;ORANGE AC;0,0;0,0;0,0;0,0;;;;
2023-06-19;Convergents + Mobile;ORANGE AC;5041,111111111111;6120,368719;5121,0;5073,0;560,5974423872366;1,015847476305929;0,9906268306971294;1,0063257659246196
2023-06-20;Convergents + Mobile;ORANGE AC;4377,777777777777;5939,385798;4060,0;4020,0;590,5450941293533;0,9274111675126905;0,9901477832512315;0,918274111675127
2023-06-21;Convergents + Mobile;ORANGE AC;4502,222222222223;6122,114286;4623,0;4549,0;577,478068828314;1,0268262586377097;0,9839930780878218;1,0103899308983217
2023-06-22;Convergents + Mobile;ORANGE AC;4090,0;5417,572495;3452,0;3398,0;570,7956371285673;0,8440097799511003;0,9843568945538818;0,8308068459657701
2023-06-23;Convergents + Mobile;ORANGE AC;4138,888888888889;5320,583315;3612,0;3571,0;581,9689961398601;0,8726979865771812;0,9886489479512736;0,8627919463087249
2023-06-24;Convergents + Mobile;ORANGE AC;2581,1111111111113;3368,634376;1958,0;1931,0;554,4682848783013;0,758588032716315;0,9862104187946884;0,7481274214377959
2023-06-25;Convergents + Mobile;ORANGE AC;0,0;0,0;0,0;0,0;;;;
2023-06-26;Convergents + Mobile;ORANGE AC;5255,555555555556;4586,001137;4548,0;4476,0;562,2360603794642;0,865369978858351;0,9841688654353562;0,8516701902748415
2023-06-27;Convergents + Mobile;ORANGE AC;4563,333333333334;4480,018408;3923,0;3804,0;533,3519757679181;0,8596785975164353;0,9696660718837624;0,8336011687363037
2023-06-28;Convergents + Mobile;ORANGE AC;4691,111111111111;4631,817578;5054,0;4731,0;535,3638899196957;1,0773567029843676;0,9360902255639098;1,0085030791094267
2023-06-29;Convergents + Mobile;ORANGE AC;4260,0;4064,646117;3791,0;3618,0;524,1858774461028;0,889906103286385;0,9543656027433395;0,8492957746478873
2023-06-30;Convergents + Mobile;ORANGE AC;4316,666666666667;4006,717669;4638,0;4372,0;526,1575961344922;1,0744401544401543;0,9426476929711083;1,0128185328185328
2023-07-01;Convergents + Mobile;ORANGE AC;2544,4444444444443;2536,783295;2563,0;2501,0;540,9834839728218;1,007292576419214;0,9758095981271947;0,9829257641921397
2023-07-02;Convergents + Mobile;ORANGE AC;0,0;0,0;0,0;0,0;;;;
2023-07-03;Convergents + Mobile;ORANGE AC;5226,666666666667;5357,023762;5799,0;5640,0;541,526614858156;1,1095025510204082;0,9725814795654423;1,0790816326530612
2023-07-04;Convergents + Mobile;ORANGE AC;4537,777777777778;4914,098566;5245,0;4875,0;559,0829318507891;1,1558521057786482;0,9294566253574833;1,0743143976493632
2023-07-05;Convergents + Mobile;ORANGE AC;4658,888888888889;5101,761905;6040,0;5585,0;573,1295768102985;1,2964464583830193;0,9246688741721855;1,1987836870975437
2023-07-06;Convergents + Mobile;ORANGE AC;4231,111111111111;4496,402761;5142,0;4167,0;577,1383983128464;1,2152836134453782;0,8103850641773629;0,9848476890756303
2023-07-07;Convergents + Mobile;ORANGE AC;4283,333333333334;4414,339993;4894,0;4655,0;589,053789954926;1,1425680933852138;0,9511646914589293;1,0867704280155641
2023-07-08;Convergents + Mobile;ORANGE AC;2666,666666666667;2794,862248;2615,0;2486,0;586,910906154465;0,9806249999999999;0,9506692160611855;0,9322499999999999
2023-07-09;Convergents + Mobile;ORANGE AC;0,0;0,0;0,0;0,0;;;;
2023-07-10;Convergents + Mobile;ORANGE AC;5922,222222222223;6555,315934;5433,0;5347,0;580,6301494764398;0,9173921200750469;0,9841708080250322;0,9028705440900562
2023-07-11;Convergents + Mobile;ORANGE AC;4998,888888888889;6341,757898;4680,0;4629,0;619,6310849643551;0,9362080462324961;0,9891025641025641;0,9260057790620139
2023-07-12;Convergents + Mobile;ORANGE AC;4943,333333333334;6553,733282;5803,0;5498,0;600,8239504545454;1,1739042481456505;0,9474409788040669;1,1122049898853674
2023-07-13;Convergents + Mobile;ORANGE AC;4416,666666666667;5748,729239;5063,0;4744,0;625,2917330876157;1,1463396226415095;0,936993877147936;1,0741132075471698
2023-07-14;Convergents + Mobile;ORANGE AC;0,0;0,0;0,0;0,0;;;;
2023-07-15;Convergents + Mobile;ORANGE AC;2830,0;3621,202623;3195,0;2866,0;625,1652610394141;1,1289752650176679;0,8970266040688576;1,012720848056537
2023-07-16;Convergents + Mobile;ORANGE AC;0,0;0,0;0,0;0,0;;;;
2023-07-17;Convergents + Mobile;ORANGE AC;5502,222222222223;5370,63283;7138,0;6251,0;593,9715820828668;1,2972940226171243;0,8757355001400953;1,1360864297253634
2023-07-18;Convergents + Mobile;ORANGE AC;4775,555555555556;5245,34521;5209,0;5064,0;626,5081197235933;1,0907631456491391;0,9721635630639278;1,0604001861330852
2023-07-19;Convergents + Mobile;ORANGE AC;4907,777777777778;5445,658448;5604,0;5230,0;614,9054382234957;1,1418609916232736;0,9332619557458958;1,0656554222322843
2023-07-20;Convergents + Mobile;ORANGE AC;4455,555555555556;4818,964176;4845,0;4682,0;630,3124192439129;1,0874064837905237;0,9663570691434469;1,0508229426433915
2023-07-21;Convergents + Mobile;ORANGE AC;4508,888888888889;4684,354951;6286,0;5562,0;596,9003701867816;1,394135041892558;0,8848234171174038;1,233563331690488
2023-07-22;Convergents + Mobile;ORANGE AC;2810,0;2965,817502;2923,0;2817,0;621,1705331203408;1,0402135231316727;0,9637358877865208;1,002491103202847
2023-07-23;Convergents + Mobile;ORANGE AC;0,0;0,0;0,0;0,0;;;;
2023-07-24;Convergents + Mobile;ORANGE AC;5568,888888888889;5274,132171;5943,0;5735,0;613,1103731392715;1,0671787709497207;0,9650008413259297;1,029828411811652
2023-07-25;Convergents + Mobile;ORANGE AC;4836,666666666667;5150,703312;5286,0;4828,0;619,5673524233637;1,0929014472777394;0,9133560348089292;0,9982081323225361
2023-07-26;Convergents + Mobile;ORANGE AC;4966,666666666667;5347,402293;5633,0;5278,0;642,4013745027468;1,1341610738255032;0,9369785194390201;1,0626845637583893
2023-07-27;Convergents + Mobile;ORANGE AC;4510,0;4709,720944;5061,0;4719,0;647,3306552001695;1,1221729490022172;0,9324244220509781;1,0463414634146342
2023-07-28;Convergents + Mobile;ORANGE AC;4563,333333333334;4642,599031;4863,0;4543,0;655,3227944309928;1,0656683710737764;0,9341969977380218;0,99554419284149
2023-07-29;Convergents + Mobile;ORANGE AC;2843,3333333333335;2939,380471;3376,0;3050,0;621,8564225827597;1,1873388042203985;0,9034360189573459;1,0726846424384524
2023-07-30;Convergents + Mobile;ORANGE AC;0,0;0,0;0,0;0,0;;;;
2023-07-31;Convergents + Mobile;ORANGE AC;5572,222222222223;5227,119029;6539,0;5755,0;635,483131155517;1,1734995014955134;0,8801039914359994;1,0328015952143568
2023-08-01;Convergents + Mobile;ORANGE AC;4651,111111111111;5102,169005;5376,0;5083,0;636,8080753688766;1,1558528428093644;0,9454985119047619;1,0928571428571427
2023-08-02;Convergents + Mobile;ORANGE AC;4762,222222222223;5297,014521;4942,0;4685,0;658,7465998932992;1,0377508166122258;0,9479967624443545;0,9837844143723751
2023-08-03;Convergents + Mobile;ORANGE AC;4333,333333333334;4645,066787;4197,0;4089,0;650,7442278552213;0,9685384615384613;0,9742673338098642;0,9436153846153845
2023-08-04;Convergents + Mobile;ORANGE AC;4378,888888888889;4578,86631;5213,0;4604,0;643,4057765255158;1,1904846485663538;0,8831766737003645;1,0514082720121798
2023-08-05;Convergents + Mobile;ORANGE AC;2732,222222222222;2899,029212;3216,0;2979,0;637,0855936891575;1,177063847092314;0,9263059701492538;1,0903212688084587
2023-08-06;Convergents + Mobile;ORANGE AC;0,0;0,0;0,0;0,0;;;;
2023-08-07;Convergents + Mobile;ORANGE AC;5336,666666666667;5155,362129;5954,0;5461,0;646,138591962651;1,1156777014366022;0,9171985220020155;1,0232979387882573
2023-08-08;Convergents + Mobile;ORANGE AC;4636,666666666667;4985,686669;4631,0;4508,0;639,5726451419698;0,9987778576563623;0,9734398618009069;0,9722501797268152
2023-08-09;Convergents + Mobile;ORANGE AC;4748,888888888889;5153,409371;4936,0;4831,0;635,5806621716649;1,0394010294805802;0,9787277147487844;1,0172905942910624
2023-08-10;Convergents + Mobile;ORANGE AC;4323,333333333334;4538,053009;4073,0;4035,0;634,1032323915738;0,9420971472629143;0,9906702676160078;0,9333076329992288
2023-08-11;Convergents + Mobile;ORANGE AC;4363,333333333334;4473,37767;4667,0;4574,0;608,3164743169399;1,0695951107715813;0,9800728519391472;1,0482811306340716
2023-08-12;Convergents + Mobile;ORANGE AC;2724,4444444444443;2807,195313;2621,0;2551,0;615,8129835750685;0,962030995106036;0,9732926363983212;0,9363376835236542
2023-08-13;Convergents + Mobile;ORANGE AC;0,0;0,0;0,0;0,0;;;;
2023-08-14;Convergents + Mobile;ORANGE AC;4928,888888888889;6112,468864;5168,0;5066,0;657,075329149398;1,048512173128945;0,9802631578947368;1,0278178539224527
2023-08-15;Convergents + Mobile;ORANGE AC;0,0;0,0;0,0;0,0;;;;
2023-08-16;Convergents + Mobile;ORANGE AC;5661,111111111111;6192,815727;7015,0;5864,0;648,6325354244801;1,2391560353287536;0,8359230220955096;1,035839057899902
2023-08-17;Convergents + Mobile;ORANGE AC;4656,666666666667;5488,327007;5140,0;4994,0;641,7160961954346;1,1037938439513242;0,9715953307392996;1,0724409448818897
2023-08-18;Convergents + Mobile;ORANGE AC;4734,444444444445;5383,199301;4663,0;4568,0;650,5510482267952;0,984909645623093;0,979626849667596;0,964843933348979
2023-08-19;Convergents + Mobile;ORANGE AC;2927,777777777778;3408,278594;2796,0;2710,0;657,2692843911439;0,9549905123339658;0,969241773962804;0,9256166982922202
2023-08-20;Convergents + Mobile;ORANGE AC;0,0;0,0;0,0;0,0;;;;
2023-08-21;Convergents + Mobile;ORANGE AC;5376,666666666667;4949,988932;6775,0;5722,0;638,2316443842795;1,2600743955362677;0,8445756457564576;1,0642281463112213
2023-08-22;Convergents + Mobile;ORANGE AC;4673,333333333334;4854,64404;5156,0;4738,0;640,1219102152806;1,103281027104137;0,9189294026377036;1,0138373751783165
2023-08-23;Convergents + Mobile;ORANGE AC;4782,222222222223;5017,362387;4621,0;4351,0;666,5375509880514;0,9662871747211895;0,9415710885089807;0,909828066914498
2023-08-24;Convergents + Mobile;ORANGE AC;4350,0;4399,82688;4575,0;4003,0;641,0309343515273;1,0517241379310345;0,8749726775956285;0,9202298850574713
2023-08-25;Convergents + Mobile;ORANGE AC;4398,888888888889;4315,144709;4680,0;4327,0;655,5154050381327;1,063905026521849;0,9245726495726496;0,983657489264966
2023-08-26;Convergents + Mobile;ORANGE AC;2743,3333333333335;2732,058487;2993,0;2898,0;633,5206152864044;1,0910085054678007;0,9682592716338122;1,0563791008505468
2023-08-27;Convergents + Mobile;ORANGE AC;0,0;0,0;0,0;0,0;;;;
2023-08-28;Convergents + Mobile;ORANGE AC;6018,88888888889;5573,154417;6632,0;5858,0;665,6505649359522;1,1018645006461139;0,8832931242460796;0,9732693372715524
2023-08-29;Convergents + Mobile;ORANGE AC;5230,0;5465,806339;5469,0;5020,0;665,5972523306773;1,045697896749522;0,9179008959590419;0,9598470363288719
2023-08-30;Convergents + Mobile;ORANGE AC;5353,333333333334;5647,847563;6118,0;5283,0;636,7212288417865;1,1428393524283933;0,8635174893756129;0,9868617683686176
2023-08-31;Convergents + Mobile;ORANGE AC;4871,111111111111;4974,265579;5582,0;4693,0;638,9014867462178;1,1459397810218979;0,8407380867072733;0,9634352189781021
2023-09-01;Convergents + Mobile;ORANGE AC;4920,0;4837,01724;7089,0;4430,0;664,4277570428894;1,4408536585365854;0,6249118352376922;0,9004065040650406
2023-09-02;Convergents + Mobile;ORANGE AC;3073,3333333333335;3035,201844;3589,0;3119,0;638,9040877204233;1,1677874186550976;0,8690443020339927;1,0148590021691974
2023-09-03;Convergents + Mobile;ORANGE AC;0,0;0,0;0,0;0,0;;;;
2023-09-04;Convergents + Mobile;ORANGE AC;6400,0;5664,904372;6487,0;5709,0;669,5555696613442;1,01359375;0,8800678279636196;0,89203125
2023-09-05;Convergents + Mobile;ORANGE AC;5561,111111111111;5490,230214;5872,0;5329,0;665,6617037480975;1,055904095904096;0,9075272479564033;0,9582617382617382
2023-09-06;Convergents + Mobile;ORANGE AC;5692,222222222223;5699,895307;5509,0;5259,0;664,652740939342;0,9678118290064415;0,9546197131965874;0,9238922506343938
2023-09-07;Convergents + Mobile;ORANGE AC;5181,111111111111;5022,685543;4880,0;4648,0;642,4689271944922;0,9418829079991421;0,9524590163934427;0,8971048681106584
2023-09-08;Convergents + Mobile;ORANGE AC;5232,222222222223;4927,820452;4792,0;4557,0;643,3015221707478;0,9158632406031004;0,9509599332220368;0,8709492461244425
2023-09-09;Convergents + Mobile;ORANGE AC;3266,666666666667;3119,963431;2564,0;2247,0;636,0127556411419;0,7848979591836734;0,8763650546021841;0,6878571428571428
2023-09-10;Convergents + Mobile;ORANGE AC;0,0;0,0;0,0;0,0;;;;
2023-09-11;Convergents + Mobile;ORANGE AC;6380,0;5789,422169;5538,0;5387,0;635,8098805607129;0,868025078369906;0,972733838931022;0,8443573667711599
2023-09-12;Convergents + Mobile;ORANGE AC;5545,555555555556;5667,624682;5414,0;5117,0;643,5637273490917;0,9762772991384492;0,9451422238640561;0,9227208976157083
2023-09-13;Convergents + Mobile;ORANGE AC;5673,333333333334;5884,064249;6205,0;5698,0;638,0265136563103;1,0937132784958872;0,9182917002417406;1,0043478260869565
2023-09-14;Convergents + Mobile;ORANGE AC;5165,555555555556;5206,917602;4473,0;4267,0;660,6866871836926;0,8659281565928156;0,9539458976078694;0,8260486126048613
2023-09-15;Convergents + Mobile;ORANGE AC;5215,555555555556;5132,70975;5121,0;4641,0;638,422622316754;0,9818704729441841;0,9062683069712947;0,88983809118023
2023-09-16;Convergents + Mobile;ORANGE AC;3260,0;3234,944365;3296,0;3166,0;601,1561917981072;1,011042944785276;0,9605582524271845;0,9711656441717792
2023-09-17;Convergents + Mobile;ORANGE AC;0,0;0,0;0,0;0,0;;;;
2023-09-18;Convergents + Mobile;ORANGE AC;6176,666666666667;5752,722187;6349,0;5941,0;654,7986041736789;1,0279007015650297;0,9357379114821232;0,96184565569347
2023-09-19;Convergents + Mobile;ORANGE AC;5368,888888888889;5594,353054;5005,0;4772,0;627,1876082355407;0,9322226821192053;0,9534465534465535;0,8888245033112583
2023-09-20;Convergents + Mobile;ORANGE AC;5493,333333333334;5822,674602;5363,0;5085,0;659,4476078307297;0,9762742718446601;0,948163341413388;0,9256674757281552
2023-09-21;Convergents + Mobile;ORANGE AC;5001,111111111111;5131,335219;5029,0;4651,0;682,7064343078247;1,0055765385469895;0,9248359514814078;0,9299933348144857
2023-09-22;Convergents + Mobile;ORANGE AC;5050,0;5011,638801;4755,0;4489,0;659,7073636525612;0,9415841584158415;0,9440588853838066;0,8889108910891089
2023-09-23;Convergents + Mobile;ORANGE AC;3153,333333333334;3173,031554;3056,0;2919,0;645,4249081164384;0,9691331923890062;0,9551701570680629;0,9256871035940801
2023-09-24;Convergents + Mobile;ORANGE AC;0,0;0,0;0,0;0,0;;;;
2023-09-25;Convergents + Mobile;ORANGE AC;6260,0;5883,793551;5958,0;5694,0;668,6887722582909;0,9517571884984025;0,9556898288016112;0,9095846645367412
2023-09-26;Convergents + Mobile;ORANGE AC;5442,222222222223;5770,462054;4805,0;4688,0;653,7706922011507;0,8829113924050632;0,9756503642039542;0,8614128215598202
2023-09-27;Convergents + Mobile;ORANGE AC;5565,555555555556;5966,806818;5266,0;5065,0;659,0793759076558;0,9461768816130964;0,9618306114698063;0,9100618886005191
2023-09-28;Convergents + Mobile;ORANGE AC;5066,666666666667;5196,288829;4473,0;4249,0;644,1018594022123;0,882828947368421;0,9499217527386542;0,8386184210526315
2023-09-29;Convergents + Mobile;ORANGE AC;5114,444444444445;5122,232456;4959,0;4603,0;659,7605568542255;0,969606778188138;0,9282113329300262;0,8999999999999999
2023-09-30;Convergents + Mobile;ORANGE AC;3197,777777777778;3243,051995;2909,0;2717,0;649,4721853514907;0,9096942321056289;0,9339979374355448;0,8496525364836692
2023-10-01;Convergents + Mobile;ORANGE AC;0,0;0,0;0,0;0,0;;;;
2023-10-02;Convergents + Mobile;ORANGE AC;6960,0;5767,140037;6288,0;5773,0;669,7059659666781;0,903448275862069;0,9180979643765903;0,8294540229885058
2023-10-03;Convergents + Mobile;ORANGE AC;6043,333333333334;5645,77174;5929,0;5601,0;662,4787227102303;0,9810810810810809;0,9446786979254512;0,9268063982349696
2023-10-04;Convergents + Mobile;ORANGE AC;6236,666666666667;5810,663584;5472,0;5063,0;673,6580069224683;0,8773917691074291;0,9252558479532164;0,811811865312667
2023-10-05;Convergents + Mobile;ORANGE AC;5664,444444444445;5073,467457;5685,0;4925,0;708,4776707817258;1,003628874068262;0,8663148636763413;0,8694586112200862
2023-10-06;Convergents + Mobile;ORANGE AC;5766,666666666667;5001,161507;5030,0;4715,0;682,9183662354188;0,8722543352601155;0,937375745526839;0,8176300578034682
2023-10-07;Convergents + Mobile;ORANGE AC;3546,666666666667;3139,863977;3576,0;3307,0;675,9031531707317;1,0082706766917293;0,9247762863534675;0,9324248120300751
2023-10-08;Convergents + Mobile;ORANGE AC;0,0;0,0;0,0;0,0;;;;
2023-10-09;Convergents + Mobile;ORANGE AC;6601,111111111111;5623,099506;6250,0;5870,0;709,6425174105622;0,9468103012960781;0,9392;0,8892442349772766
2023-10-10;Convergents + Mobile;ORANGE AC;5731,111111111111;5489,891934;5038,0;4955,0;683,5909366498486;0,8790616518030244;0,9835252084160381;0,8645792943001163
2023-10-11;Convergents + Mobile;ORANGE AC;5915,555555555556;5651,724804;5207,0;5090,0;678,2474517566242;0,880221637866266;0,9775302477434223;0,8604432757325319
2023-10-12;Convergents + Mobile;ORANGE AC;5373,333333333334;5001,316116;4726,0;4487,0;699,2014604319751;0,8795285359801488;0,9494286923402454;0,8350496277915632
2023-10-13;Convergents + Mobile;ORANGE AC;5468,888888888889;4907,490826;5373,0;5073,0;695,493858547685;0,982466477041853;0,9441652707984366;0,9276107273466071
2023-10-14;Convergents + Mobile;ORANGE AC;3363,3333333333335;3107,092083;2777,0;2695,0;687,2857360296846;0,8256689791873142;0,9704717320849838;0,8012884043607532
2023-10-15;Convergents + Mobile;ORANGE AC;0,0;0,0;0,0;0,0;;;;
2023-10-16;Convergents + Mobile;ORANGE AC;6276,666666666667;5715,760062;5525,0;5326,0;699,0274942026266;0,8802442910249602;0,9639819004524887;0,8485395645246946
2023-10-17;Convergents + Mobile;ORANGE AC;5450,0;5595,706177;4764,0;4633,0;678,9139113508847;0,8741284403669725;0,9725020990764064;0,850091743119266
2023-10-18;Convergents + Mobile;ORANGE AC;5623,333333333333;5760,287548;6001,0;5383,0;689,3819378915776;1,0671606401896858;0,8970171638060324;0,9572614107883818
2023-10-19;Convergents + Mobile;ORANGE AC;5108,888888888889;5097,385303;5130,0;4969,0;696,8441345736122;1,0041322314049588;0,968615984405458;0,9726185297955633
2023-10-20;Convergents + Mobile;ORANGE AC;5198,888888888889;5024,738482;4463,0;4272,0;668,1132350561272;0,8584526608249626;0,9572036746583016;0,8217140414618509
2023-10-21;Convergents + Mobile;ORANGE AC;3196,666666666667;3139,926045;3122,0;3002,0;680,6592791208791;0,9766423357664232;0,9615631005765535;0,9391032325338894
2023-10-22;Convergents + Mobile;ORANGE AC;0,0;0,0;0,0;0,0;;;;
2023-10-23;Convergents + Mobile;ORANGE AC;6477,777777777778;5756,378388;5312,0;5232,0;677,2504152169756;0,8200343053173241;0,9849397590361446;0,8076843910806174
2023-10-24;Convergents + Mobile;ORANGE AC;5625,555555555556;5585,74719;4561,0;4442,0;681,7704234353895;0,8107643689512147;0,9739092304319228;0,789610902626901
2023-10-25;Convergents + Mobile;ORANGE AC;5805,555555555556;5726,684794;5202,0;4972,0;688,4857121858033;0,8960382775119617;0,9557862360630527;0,856421052631579
2023-10-26;Convergents + Mobile;ORANGE AC;5270,0;5067,649602;4799,0;4461,0;683,0324542460228;0,9106261859582543;0,9295686601375287;0,8464895635673624
2023-10-27;Convergents + Mobile;ORANGE AC;5366,666666666667;4995,426568;4730,0;4616,0;674,6785850335716;0,8813664596273292;0,9758985200845666;0,8601242236024844
2023-10-28;Convergents + Mobile;ORANGE AC;3301,1111111111113;3162,767062;2700,0;2643,0;646,5663464826021;0,8179064288118478;0,9788888888888889;0,8006395153147088
2023-10-29;Convergents + Mobile;ORANGE AC;0,0;0,0;0,0;0,0;;;;
2023-10-30;Convergents + Mobile;ORANGE AC;6661,111111111111;6770,383777;5556,0;5476,0;678,5284292754152;0,8340950792326939;0,9856011519078474;0,8220850708924103
2023-10-31;Convergents + Mobile;ORANGE AC;5531,111111111111;6822,795448;4340,0;4287,0;657,2972925822254;0,7846524708718361;0,9877880184331798;0,7750703093611893
2023-11-01;Convergents + Mobile;ORANGE AC;0,0;0,0;0,0;0,0;;;;
2023-11-02;Convergents + Mobile;ORANGE AC;6536,666666666667;6064,433466;5901,0;5598,0;661,1992879085551;0,9027536970933197;0,9486527707168276;0,8563997960224375
2023-11-03;Convergents + Mobile;ORANGE AC;5822,222222222223;5828,72401;4794,0;4744,0;638,1864799873604;0,8233969465648855;0,9895702962035878;0,8148091603053434
2023-11-04;Convergents + Mobile;ORANGE AC;3303,3333333333335;3674,8888;3014,0;2979,0;634,4730965088957;0,9124117053481332;0,9883875248838753;0,901816347124117
2023-11-05;Convergents + Mobile;ORANGE AC;0,0;0,0;0,0;0,0;;;;
2023-11-06;Convergents + Mobile;ORANGE AC;5651,111111111111;5926,7233;5896,0;5774,0;662,9609709761163;1,0433346441211166;0,9793080054274084;1,021745969327566
2023-11-07;Convergents + Mobile;ORANGE AC;4915,555555555556;5812,564906;4941,0;4886,0;669,1959203029063;1,0051763110307415;0,9888686500708359;0,9939873417721519
2023-11-08;Convergents + Mobile;ORANGE AC;4973,333333333333;6023,278466;5188,0;5055,0;648,8867474995059;1,0431635388739946;0,9743639167309175;1,0164209115281502
2023-11-09;Convergents + Mobile;ORANGE AC;4536,666666666667;5280,285083;4605,0;4567,0;661,449797219181;1,0150624540778839;0,9917480998914223;1,0066862601028654
2023-11-10;Convergents + Mobile;ORANGE AC;4445,555555555556;5205,031613;4817,0;4506,0;658,269676747282;1,0835541114721319;0,9354369939796554;1,0135966008497874
2023-11-11;Convergents + Mobile;ORANGE AC;0,0;0,0;0,0;0,0;;;;
2023-11-12;Convergents + Mobile;ORANGE AC;0,0;0,0;0,0;0,0;;;;
2023-11-13;Convergents + Mobile;ORANGE AC;6433,333333333334;5254,337164;6584,0;5963,0;672,1454213507625;1,023419689119171;0,9056804374240583;0,9268911917098445
2023-11-14;Convergents + Mobile;ORANGE AC;4930,0;5153,130027;4668,0;4615,0;638,6263922443674;0,9468559837728194;0,9886461011139674;0,936105476673428
2023-11-15;Convergents + Mobile;ORANGE AC;4987,777777777777;5327,247184;4987,0;4823,0;655,6524493054116;0,9998440632657608;0,9671144976940044;0,9669636890175987
2023-11-16;Convergents + Mobile;ORANGE AC;4537,777777777778;4714,179852;4382,0;4298,0;644,9907873196835;0,9656709108716943;0,9808306709265175;0,9471596474045053
2023-11-17;Convergents + Mobile;ORANGE AC;4625,555555555556;4646,994391;5128,0;4658,0;661,3395009873364;1,108623588758107;0,9083463338533542;1,0070141724717752
2023-11-18;Convergents + Mobile;ORANGE AC;2815,5555555555557;2942,163316;3015,0;2963,0;623,0536415119811;1,0708366219415943;0,9827529021558872;1,0523677979479085
2023-11-19;Convergents + Mobile;ORANGE AC;0,0;0,0;0,0;0,0;;;;
2023-11-20;Convergents + Mobile;ORANGE AC;5265,555555555556;5232,067781;5369,0;5198,0;631,9991800499712;1,019645494830133;0,9681504935742223;0,9871702890905254
2023-11-21;Convergents + Mobile;ORANGE AC;4900,0;5119,156013;4517,0;4485,0;641,2006769453735;0,9218367346938775;0,9929156519814036;0,9153061224489796
2023-11-22;Convergents + Mobile;ORANGE AC;4874,444444444444;5291,975744;4822,0;4611,0;633,6650900672305;0,9892409391383634;0,9562422231439237;0,9459539548666515
2023-11-23;Convergents + Mobile;ORANGE AC;4495,555555555556;4640,60788;3836,0;3809,0;648,1628477028091;0,8532871972318339;0,9929614181438999;0,8472812654473554
2023-11-24;Convergents + Mobile;ORANGE AC;4586,666666666667;4554,69183;4152,0;4101,0;632,1949294174995;0,9052325581395348;0,9877167630057804;0,8941133720930232
2023-11-25;Convergents + Mobile;ORANGE AC;2696,666666666667;2883,723562;2844,0;2724,0;643,2502912293578;1,0546353522867737;0,9578059071729957;1,0101359703337454
2023-11-26;Convergents + Mobile;ORANGE AC;0,0;0,0;0,0;0,0;;;;
2023-11-27;Convergents + Mobile;ORANGE AC;5611,111111111111;5128,143994;5412,0;5359,0;627,7377000746408;0,9645148514851485;0,9902069475240207;0,955069306930693
2023-11-28;Convergents + Mobile;ORANGE AC;4903,333333333334;5029,367545;4381,0;4347,0;598,5876361398665;0,8934738273283479;0,9922392147911435;0,8865397688647177
2023-11-29;Convergents + Mobile;ORANGE AC;4908,888888888889;5221,432863;4768,0;4402,0;610,4245823034984;0,971299230421005;0,923238255033557;0,8967406066093255
2023-11-30;Convergents + Mobile;ORANGE AC;4713,333333333334;4620,542796;3969,0;3892,0;574,736432733813;0,8420792079207919;0,9805996472663139;0,8257425742574256
2023-12-01;Convergents + Mobile;ORANGE AC;4760,0;4515,13359;4628,0;4529,0;626,4904706504961;0,9722689075630252;0,9786084701815039;0,9514705882352941
2023-12-02;Convergents + Mobile;ORANGE AC;2902,2222222222226;2807,195313;2555,0;2443,0;652,3226056487924;0,8803598774885144;0,9561643835616438;0,8417687595712097
2023-12-03;Convergents + Mobile;ORANGE AC;0,0;0,0;0,0;0,0;;;;
2023-12-04;Convergents + Mobile;ORANGE AC;5285,555555555556;5027,931772;4982,0;4915,0;614,7852409395973;0,9425688459112886;0,9865515857085508;0,9298927895732605
2023-12-05;Convergents + Mobile;ORANGE AC;4904,444444444445;4931,085574;4920,0;4665,0;601,6796984140592;1,0031717263253284;0,948170731707317;0,951178069777979
2023-12-06;Convergents + Mobile;ORANGE AC;5021,111111111111;5002,246055;5027,0;4787,0;627,8565871553885;1,001172825846426;0,9522578078376766;0,9533746404071697
2023-12-07;Convergents + Mobile;ORANGE AC;4770,0;4426,580324;4351,0;4237,0;613,3244713712533;0,9121593291404612;0,9737991266375546;0,8882599580712788
2023-12-08;Convergents + Mobile;ORANGE AC;4723,333333333334;4363,493669;4168,0;4047,0;655,5053999506295;0,8824276640790402;0,9709692898272553;0,8568101623147494
2023-12-09;Convergents + Mobile;ORANGE AC;2766,666666666667;2762,669787;2588,0;2491,0;595,3422422320353;0,9354216867469879;0,9625193199381762;0,9003614457831325
2023-12-10;Convergents + Mobile;ORANGE AC;0,0;0,0;0,0;0,0;;;;
2023-12-11;Convergents + Mobile;ORANGE AC;5268,888888888889;4912,873293;5165,0;5061,0;634,9714977887463;0,9802825811893716;0,9798644724104549;0,9605440742302827
2023-12-12;Convergents + Mobile;ORANGE AC;5120,0;4796,402872;4369,0;4305,0;620,3806513237344;0,8533203125;0,9853513389791715;0,8408203125
2023-12-13;Convergents + Mobile;ORANGE AC;5056,666666666667;4956,897061;4729,0;4679,0;617,2013514316238;0,9352010547132498;0,9894269401564812;0,9253131179960448
2023-12-14;Convergents + Mobile;ORANGE AC;4582,222222222223;4386,450158;4177,0;4128,0;621,3584466812016;0,9115664403491754;0,9882690926502274;0,9008729388942773
2023-12-15;Convergents + Mobile;ORANGE AC;4463,333333333334;4323,935429;4486,0;4374,0;624,5534017812287;1,005078416728902;0,9750334373606777;0,979985063480209
2023-12-16;Convergents + Mobile;ORANGE AC;2582,222222222222;2737,624178;2623,0;2365,0;607,3800181318682;1,0157917383820998;0,9016393442622951;0,9158777969018933
2023-12-17;Convergents + Mobile;ORANGE AC;0,0;0,0;0,0;0,0;;;;
2023-12-18;Convergents + Mobile;ORANGE AC;4854,444444444444;4878,232031;4837,0;4760,0;620,5623967693133;0,996406500343328;0,984081041968162;0,9805447470817121
2023-12-19;Convergents + Mobile;ORANGE AC;4692,222222222223;4735,734989;3867,0;3817,0;620,5016900597988;0,8241297655695002;0,987070080165503;0,8134738337674638
2023-12-20;Convergents + Mobile;ORANGE AC;4905,555555555556;4893,912346;4028,0;3992,0;606,8314347573834;0,8211098527746319;0,9910625620655412;0,8137712344280861
2023-12-21;Convergents + Mobile;ORANGE AC;3882,2222222222226;4330,713815;3223,0;3186,0;572,2202930249887;0,8301946193474526;0,9885200124107973;0,8206639954207211
2023-12-22;Convergents + Mobile;ORANGE AC;4143,333333333333;4268,993428;3060,0;3037,0;585,3304298524603;0,7385358004827032;0,992483660130719;0,7329847144006436
2023-12-23;Convergents + Mobile;ORANGE AC;2284,4444444444443;2702,83861;2128,0;1986,0;590,7909085628129;0,9315175097276265;0,9332706766917294;0,8693579766536965
2023-12-24;Convergents + Mobile;ORANGE AC;0,0;0,0;0,0;0,0;;;;
2023-12-25;Convergents + Mobile;ORANGE AC;0,0;0,0;0,0;0,0;;;;
2023-12-26;Convergents + Mobile;ORANGE AC;5061,111111111111;5791,205477;3806,0;3766,0;586,7965518964573;0,7520087815587266;0,9894902785076195;0,74410537870472
2023-12-27;Convergents + Mobile;ORANGE AC;4606,666666666667;5985,256672;4325,0;4281,0;569,5786470432366;0,9388567293777134;0,9898265895953757;0,9293053545586106
2023-12-28;Convergents + Mobile;ORANGE AC;4250,0;5271,560406;4095,0;4050,0;572,4074529363254;0,9635294117647059;0,989010989010989;0,9529411764705882
2023-12-29;Convergents + Mobile;ORANGE AC;4346,666666666667;5174,80508;4574,0;4483,0;565,8223766418338;1,0523006134969324;0,980104940970704;1,0313650306748465
2023-12-30;Convergents + Mobile;ORANGE AC;2376,666666666667;3262,903786;2495,0;2384,0;552,3533147325452;1,0497896213183728;0,9555110220440882;1,0030855539971948
2023-12-31;Convergents + Mobile;ORANGE AC;0,0;0,0;0,0;0,0;;;;
2024-01-01;Convergents + Mobile;ORANGE AC;0,0;0,0;0,0;0,0;;;;
2024-01-02;Convergents + Mobile;ORANGE AC;5761,111111111111;4724,81477;5495,0;5118,0;581,6892700885692;0,9538090646094503;0,9313921747042766;0,8883702989392478
2024-01-03;Convergents + Mobile;ORANGE AC;5608,888888888889;4905,249594;5694,0;5286,0;573,8544135700663;1,0151743264659272;0,928345626975764;0,94243264659271
2024-01-04;Convergents + Mobile;ORANGE AC;5044,444444444444;4340,746357;4401,0;4332,0;567,4200080878627;0,8724449339207049;0,9843217450579413;0,8587665198237886
2024-01-05;Convergents + Mobile;ORANGE AC;5105,555555555556;4257,266071;4449,0;4407,0;574,416695466737;0,8714036996735582;0,9905596763317599;0,863177366702938
2024-01-06;Convergents + Mobile;ORANGE AC;2963,3333333333335;2681,922321;2971,0;2917,0;567,0713172719051;1,0025871766029246;0,981824301581959;0,9843644544431945
2024-01-07;Convergents + Mobile;ORANGE AC;0,0;0,0;0,0;0,0;;;;
2024-01-08;Convergents + Mobile;ORANGE AC;5737,777777777777;5007,080972;5434,0;5239,0;579,664976757477;0,9470565453137104;0,9641148325358851;0,9130712625871418
2024-01-09;Convergents + Mobile;ORANGE AC;5071,111111111111;4907,681738;4534,0;4466,0;582,5101247177603;0,8940841367221735;0,9850022055580062;0,8806748466257668
2024-01-10;Convergents + Mobile;ORANGE AC;5253,333333333334;5076,355415;4799,0;4713,0;609,1194170878671;0,9135152284263959;0,9820795999166493;0,8971446700507614
2024-01-11;Convergents + Mobile;ORANGE AC;4824,444444444445;4475,000774;4507,0;4446,0;585,659838349304;0,9342008291110085;0,9864654981140448;0,9215568862275447
2024-01-12;Convergents + Mobile;ORANGE AC;4682,222222222223;4396,310066;4024,0;3965,0;584,2732680125916;0,8594209776934029;0,985337972166998;0,8468201233981965
2024-01-13;Convergents + Mobile;ORANGE AC;2728,888888888889;2774,174523;2698,0;2570,0;541,5537278171644;0,9886807817589576;0,9525574499629355;0,9417752442996742
2024-01-14;Convergents + Mobile;ORANGE AC;0,0;0,0;0,0;0,0;;;;
2024-01-15;Convergents + Mobile;ORANGE AC;5980,0;4922,927714;5809,0;5712,0;578,1620678409313;0,9714046822742475;0,9833017731106903;0,9551839464882943
2024-01-16;Convergents + Mobile;ORANGE AC;5197,777777777778;4810,056613;5012,0;4898,0;589,8112299422338;0,9642582300128258;0,9772545889864326;0,9423257802479691
2024-01-17;Convergents + Mobile;ORANGE AC;5515,555555555556;4975,370954;5815,0;5572,0;571,813663846325;1,0542908944399678;0,9582115219260533;1,0102336825141016
2024-01-18;Convergents + Mobile;ORANGE AC;5056,666666666667;4385,97911;5045,0;4639,0;588,5672679951263;0,9976928147659855;0,9195242814667988;0,9174027686222808
2024-01-19;Convergents + Mobile;ORANGE AC;4938,88888888889;4308,853805;5865,0;5186,0;582,3640349248731;1,187514060742407;0,884228473998295;1,0500337457817772
2024-01-20;Convergents + Mobile;ORANGE AC;2823,3333333333335;2719,649129;3641,0;3339,0;567,6366248883398;1,2896103896103897;0,9170557539137599;1,1826446280991736
2024-01-21;Convergents + Mobile;ORANGE AC;0,0;0,0;0,0;0,0;;;;
2024-01-22;Convergents + Mobile;ORANGE AC;5861,111111111111;4826,169357;6015,0;5725,0;617,9730164330495;1,0262559241706162;0,9517871986699917;0,976777251184834
2024-01-23;Convergents + Mobile;ORANGE AC;5046,666666666667;4724,363065;5694,0;5227,0;600,0720366731026;1,1282694848084545;0,9179838426413769;1,0357331571994715
2024-01-24;Convergents + Mobile;ORANGE AC;5310,0;4895,773342;4939,0;4790,0;595,6183688934262;0,9301318267419962;0,9698319497874064;0,9020715630885122
2024-01-25;Convergents + Mobile;ORANGE AC;4996,666666666667;4324,100995;4575,0;4438,0;605,2786208941841;0,9156104069379586;0,9700546448087431;0,8881921280853902
2024-01-26;Convergents + Mobile;ORANGE AC;4823,333333333334;4258,388424;4571,0;4348,0;600,7759979532307;0,9476848652384242;0,9512141763290308;0,9014512785072563
2024-01-27;Convergents + Mobile;ORANGE AC;2794,4444444444443;2691,641107;3472,0;2792,0;570,8831216271659;1,242465208747515;0,804147465437788;0,9991252485089464
2024-01-28;Convergents + Mobile;ORANGE AC;0,0;0,0;0,0;0,0;;;;
2024-01-29;Convergents + Mobile;ORANGE AC;5881,111111111111;5036,272204;5625,0;5484,0;590,5729004866009;0,9564519176270546;0,9749333333333333;0,932476856225203
2024-01-30;Convergents + Mobile;ORANGE AC;4982,222222222223;4930,567989;4558,0;4377,0;590,8661238364075;0,9148528099910793;0,9602896007020623;0,8785236396074932
2024-01-31;Convergents + Mobile;ORANGE AC;5351,111111111111;5109,460853;4763,0;4673,0;618,0190227085778;0,890095514950166;0,98110434600042;0,8732765780730897
2024-02-01;Convergents + Mobile;ORANGE AC;4965,555555555556;4587,100991;4908,0;4649,0;617,0757883838695;0,9884090400537032;0,9472290138549307;0,9362497202953681
2024-02-02;Convergents + Mobile;ORANGE AC;4827,777777777778;4521,72663;5524,0;4857,0;624,321096487791;1,144211737629459;0,8792541636495294;1,0060529344073648
2024-02-03;Convergents + Mobile;ORANGE AC;2728,888888888889;2862,852222;2935,0;2778,0;591,6986446770255;1,075529315960912;0,9465076660988075;1,0179967426710097
2024-02-04;Convergents + Mobile;ORANGE AC;0,0;0,0;0,0;0,0;;;;
2024-02-05;Convergents + Mobile;ORANGE AC;5586,666666666667;5085,677685;6547,0;5876,0;630,3035922066706;1,1718973747016705;0,8975103100656789;1,0517899761336515
2024-02-06;Convergents + Mobile;ORANGE AC;4901,111111111111;4973,011214;6428,0;5263,0;638,6240023337867;1,3115393334844705;0,8187616677037959;1,07383813194287
2024-02-07;Convergents + Mobile;ORANGE AC;4966,666666666667;5134,373347;9163,0;5298,0;649,9778733218384;1,8448993288590603;0,5781949143293681;1,066711409395973
2024-02-08;Convergents + Mobile;ORANGE AC;4704,444444444445;4517,419122;5620,0;4952,0;630,3933877265263;1,1946150212564948;0,8811387900355871;1,052621634388285
2024-02-09;Convergents + Mobile;ORANGE AC;4604,444444444444;4430,411211;5459,0;4750,0;633,7434213023938;1,1855936293436293;0,8701227331013006;1,0316119691119692
2024-02-10;Convergents + Mobile;ORANGE AC;2591,1111111111113;2790,997031;3560,0;3189,0;619,3550038209156;1,373927958833619;0,8957865168539326;1,230746140651801
2024-02-11;Convergents + Mobile;ORANGE AC;0,0;0,0;0,0;0,0;;;;
2024-02-12;Convergents + Mobile;ORANGE AC;5511,111111111111;4947,519968;5503,0;5293,0;638,3712708927525;0,9985282258064516;0,9618389969107759;0,9604233870967741
2024-02-13;Convergents + Mobile;ORANGE AC;4824,444444444445;4834,085025;3937,0;3771,0;607,8875886828694;0,8160525103638875;0,9578359156718314;0,7816444035006908
2024-02-14;Convergents + Mobile;ORANGE AC;4962,222222222223;5000,225186;5144,0;4895,0;621,1328112967533;1,0366323331840572;0,9515940902021773;0,9864532019704433
2024-02-15;Convergents + Mobile;ORANGE AC;4652,222222222223;4407,889062;5047,0;4706,0;633,6094668931876;1,0848578934798183;0,9324351099663166;1,0115595892046811
2024-02-16;Convergents + Mobile;ORANGE AC;4593,333333333334;4330,378481;4615,0;4286,0;646,1998672583255;1,0047169811320753;0,9287107258938245;0,9330914368650216
2024-02-17;Convergents + Mobile;ORANGE AC;2594,4444444444443;2732,57015;2588,0;2407,0;622,0092236342944;0,9975160599571735;0,9300618238021638;0,9277516059957174
2024-02-18;Convergents + Mobile;ORANGE AC;0,0;0,0;0,0;0,0;;;;
2024-02-19;Convergents + Mobile;ORANGE AC;5515,555555555556;4849,098429;5144,0;5000,0;635,9557572738647;0,9326349717969379;0,9720062208398134;0,9065269943593876
2024-02-20;Convergents + Mobile;ORANGE AC;4795,555555555556;4737,920059;5099,0;4518,0;598,5501795532747;1,0632761816496756;0,8860560894292998;0,9421223354958295
2024-02-21;Convergents + Mobile;ORANGE AC;4965,555555555556;4900,755177;5150,0;4897,0;619,0349280675512;1,0371447751174758;0,950873786407767;0,9861937793689863
2024-02-22;Convergents + Mobile;ORANGE AC;4637,777777777777;4779,004339;4627,0;4324,0;625,6943001954452;0,9976760900814567;0,9345148044089042;0,9323430761859128
2024-02-23;Convergents + Mobile;ORANGE AC;4595,555555555556;4696,702901;3926,0;3828,0;623,4551427662061;0,8543036750483559;0,9750382068262863;0,8329787234042553
2024-02-24;Convergents + Mobile;ORANGE AC;2633,3333333333335;2963,73309;2351,0;2313,0;600,0902854879852;0,8927848101265822;0,9838366652488303;0,8783544303797468
2024-02-25;Convergents + Mobile;ORANGE AC;0,0;0,0;0,0;0,0;;;;
2024-02-26;Convergents + Mobile;ORANGE AC;6541,111111111111;5259,309998;5063,0;4983,0;609,8503968485527;0,7740275182605741;0,9841990914477583;0,7617971802276201
2024-02-27;Convergents + Mobile;ORANGE AC;5833,333333333334;5148,366761;4225,0;4179,0;573,9030659858848;0,7242857142857142;0,989112426035503;0,7163999999999999
2024-02-28;Convergents + Mobile;ORANGE AC;5966,666666666667;5335,160825;4842,0;4642,0;613,3911826809119;0,8115083798882681;0,9586947542337877;0,7779888268156424
2024-02-29;Convergents + Mobile;ORANGE AC;5534,444444444445;4941,703021;4894,0;4571,0;612,7645921406784;0,8842802650070266;0,9340008173273396;0,8259184902629992
2024-03-01;Convergents + Mobile;ORANGE AC;5423,333333333334;4909,351807;5124,0;4507,0;631,9529611963919;0,9448063921327595;0,8795862607338018;0,8310387215734479
2024-03-02;Convergents + Mobile;ORANGE AC;3053,3333333333335;3103,102335;3063,0;2872,0;603,0091888694617;1,0031659388646288;0,9376428338230492;0,9406113537117904
2024-03-03;Convergents + Mobile;ORANGE AC;0,0;0,0;0,0;0,0;;;;
2024-03-04;Convergents + Mobile;ORANGE AC;6921,111111111111;5514,872933;5760,0;5502,0;637,5792455697484;0,8322363140150907;0,9552083333333333;0,7949590624498314
2024-03-05;Convergents + Mobile;ORANGE AC;6152,222222222223;5398,538689;5581,0;5147,0;631,6270757422809;0,907151887303594;0,922236158394553;0,836608271627235
2024-03-06;Convergents + Mobile;ORANGE AC;6200,0;5594,409539;5163,0;4984,0;645,7517407417871;0,832741935483871;0,9653302343598683;0,8038709677419354
2024-03-07;Convergents + Mobile;ORANGE AC;5810,0;4941,158457;4704,0;4513,0;641,8185826365998;0,8096385542168675;0,9593962585034014;0,7767641996557659
2024-03-08;Convergents + Mobile;ORANGE AC;5781,111111111111;4862,520156;4760,0;4436,0;651,6376322152058;0,8233711320392081;0,9319327731092437;0,7673265423793965
2024-03-09;Convergents + Mobile;ORANGE AC;3278,8888888888887;3073,500543;2923,0;2814,0;607,2023859691687;0,8914605218569976;0,962709544988026;0,8582175533717384
2024-03-10;Convergents + Mobile;ORANGE AC;0,0;0,0;0,0;0,0;;;;
2024-03-11;Convergents + Mobile;ORANGE AC;6353,333333333334;5318,056821;5609,0;5142,0;628,0868004100616;0,8828436516264427;0,9167409520413621;0,8093389296956978
2024-03-12;Convergents + Mobile;ORANGE AC;5687,777777777778;5186,378345;5218,0;4695,0;588,1034218041868;0,91740574330924;0,8997700268302031;0,8254541902715373
2024-03-13;Convergents + Mobile;ORANGE AC;5716,666666666667;5354,663723;6201,0;5296,0;591,1437394374213;1,0847230320699708;0,8540557974520239;0,9264139941690962
2024-03-14;Convergents + Mobile;ORANGE AC;5356,666666666667;4711,239066;4393,0;4198,0;605,6959354818052;0,820099564405725;0,9556111996357842;0,7836963285625389
2024-03-15;Convergents + Mobile;ORANGE AC;5330,0;4620,498079;4667,0;4359,0;610,4876373196502;0,875609756097561;0,9340047139490036;0,8178236397748593
2024-03-16;Convergents + Mobile;ORANGE AC;3021,1111111111113;2910,744806;2234,0;2180,0;609,8721945662255;0,7394630378815741;0,9758281110116384;0,721588819418904
2024-03-17;Convergents + Mobile;ORANGE AC;0,0;0,0;0,0;0,0;;;;
2024-03-18;Convergents + Mobile;ORANGE AC;6273,333333333334;4711,267573;5003,0;4801,0;589,3640484299475;0,7975026567481402;0,9596242254647211;0,7653028692879914
2024-03-19;Convergents + Mobile;ORANGE AC;5488,88888888889;4603,24934;4184,0;4109,0;593,8580674832755;0,7622672064777327;0,982074569789675;0,7486032388663967
2024-03-20;Convergents + Mobile;ORANGE AC;5571,111111111111;4761,456029;4741,0;4461,0;613,7685038636006;0,8509972078181093;0,9409407298038388;0,8007379337854008
2024-03-21;Convergents + Mobile;ORANGE AC;5264,444444444445;4219,371309;4059,0;3970,0;606,4870854420986;0,7710215280709158;0,9780734170978074;0,7541156606162936
2024-03-22;Convergents + Mobile;ORANGE AC;5204,444444444445;4146,974062;3586,0;3536,0;606,5371614875297;0,6890264730999145;0,9860568878973787;0,6794192997438087
2024-03-23;Convergents + Mobile;ORANGE AC;2970,0;2616,837669;2124,0;2097,0;546,41275339213;0,7151515151515152;0,9872881355932204;0,706060606060606
2024-03-24;Convergents + Mobile;ORANGE AC;0,0;0,0;0,0;0,0;;;;
2024-03-25;Convergents + Mobile;ORANGE AC;5693,333333333334;4643,724676;4463,0;4408,0;579,9015045295797;0,7838992974238875;0,9876764508178355;0,77423887587822
2024-03-26;Convergents + Mobile;ORANGE AC;4904,444444444444;4537,255041;4595,0;4380,0;556,9641360137475;0,936905301314001;0,9532100108813928;0,8930675124603534
2024-03-27;Convergents + Mobile;ORANGE AC;5091,111111111111;4693,193606;5090,0;4751,0;577,7452928867874;0,999781754692274;0,9333988212180746;0,9331951113051069
2024-03-28;Convergents + Mobile;ORANGE AC;4807,777777777777;4153,376058;6159,0;4571,0;550,4137424851132;1,2810492257915416;0,7421659360285761;0,9507510977582622
