Jour;Date;Date_Format_1;Flux;Commande;Capacitaire
Dimanche;01/01/2023;20230101;HLB;0;0
Dimanche;01/01/2023;20230101;Help Desk;0;0
Lundi;02/01/2023;20230102;HLB;379;535,3333524
Lundi;02/01/2023;20230102;Help Desk;13;0
Mardi;03/01/2023;20230103;HLB;336;494,236512
Mardi;03/01/2023;20230103;Help Desk;11;0
Mercredi;04/01/2023;20230104;HLB;342;496,1167596
Mercredi;04/01/2023;20230104;Help Desk;11;0
Jeudi;05/01/2023;20230105;HLB;332;478,6573176
Jeudi;05/01/2023;20230105;Help Desk;11;0
Vendredi;06/01/2023;20230106;HLB;317;446,9617152
Vendredi;06/01/2023;20230106;Help Desk;11;0
Samedi;07/01/2023;20230107;HLB;230;235,03095
Samedi;07/01/2023;20230107;Help Desk;8;0
Dimanche;08/01/2023;20230108;HLB;0;0
Dimanche;08/01/2023;20230108;Help Desk;0;0
Lundi;09/01/2023;20230109;HLB;393;535,3333524
Lundi;09/01/2023;20230109;Help Desk;13;0
Mardi;10/01/2023;20230110;HLB;349;494,236512
Mardi;10/01/2023;20230110;Help Desk;12;0
Mercredi;11/01/2023;20230111;HLB;356;496,1167596
Mercredi;11/01/2023;20230111;Help Desk;12;0
Jeudi;12/01/2023;20230112;HLB;345;478,6573176
Jeudi;12/01/2023;20230112;Help Desk;12;0
Vendredi;13/01/2023;20230113;HLB;330;446,9617152
Vendredi;13/01/2023;20230113;Help Desk;11;0
Samedi;14/01/2023;20230114;HLB;239;235,03095
Samedi;14/01/2023;20230114;Help Desk;8;0
Dimanche;15/01/2023;20230115;HLB;0;0
Dimanche;15/01/2023;20230115;Help Desk;0;0
Lundi;16/01/2023;20230116;HLB;356;535,3333524
Lundi;16/01/2023;20230116;Help Desk;12;0
Mardi;17/01/2023;20230117;HLB;316;494,236512
Mardi;17/01/2023;20230117;Help Desk;11;0
Mercredi;18/01/2023;20230118;HLB;322;496,1167596
Mercredi;18/01/2023;20230118;Help Desk;11;0
Jeudi;19/01/2023;20230119;HLB;313;478,6573176
Jeudi;19/01/2023;20230119;Help Desk;10;0
Vendredi;20/01/2023;20230120;HLB;299;446,9617152
Vendredi;20/01/2023;20230120;Help Desk;10;0
Samedi;21/01/2023;20230121;HLB;216;235,03095
Samedi;21/01/2023;20230121;Help Desk;7;0
Dimanche;22/01/2023;20230122;HLB;0;0
Dimanche;22/01/2023;20230122;Help Desk;0;0
Lundi;23/01/2023;20230123;HLB;356;535,3333524
Lundi;23/01/2023;20230123;Help Desk;12;0
Mardi;24/01/2023;20230124;HLB;316;494,236512
Mardi;24/01/2023;20230124;Help Desk;11;0
Mercredi;25/01/2023;20230125;HLB;322;496,1167596
Mercredi;25/01/2023;20230125;Help Desk;11;0
Jeudi;26/01/2023;20230126;HLB;313;478,6573176
Jeudi;26/01/2023;20230126;Help Desk;10;0
Vendredi;27/01/2023;20230127;HLB;299;446,9617152
Vendredi;27/01/2023;20230127;Help Desk;10;0
Samedi;28/01/2023;20230128;HLB;216;235,03095
Samedi;28/01/2023;20230128;Help Desk;7;0
Dimanche;29/01/2023;20230129;HLB;0;0
Dimanche;29/01/2023;20230129;Help Desk;0;0
Lundi;30/01/2023;20230130;HLB;347;535,3333524
Lundi;30/01/2023;20230130;Help Desk;12;0
Mardi;31/01/2023;20230131;HLB;308;494,236512
Mardi;31/01/2023;20230131;Help Desk;10;0
Mercredi;01/02/2023;20230201;HLB;336;496,1167596
Mercredi;01/02/2023;20230201;Help Desk;22;0
Jeudi;02/02/2023;20230202;HLB;322;478,6573176
Jeudi;02/02/2023;20230202;Help Desk;21;0
Vendredi;03/02/2023;20230203;HLB;320;446,9617152
Vendredi;03/02/2023;20230203;Help Desk;21;0
Samedi;04/02/2023;20230204;HLB;212;235,03095
Samedi;04/02/2023;20230204;Help Desk;14;0
Dimanche;05/02/2023;20230205;HLB;0;0
Dimanche;05/02/2023;20230205;Help Desk;0;0
Lundi;06/02/2023;20230206;HLB;387;535,3333524
Lundi;06/02/2023;20230206;Help Desk;25;0
Mardi;07/02/2023;20230207;HLB;327;494,236512
Mardi;07/02/2023;20230207;Help Desk;21;0
Mercredi;08/02/2023;20230208;HLB;333;496,1167596
Mercredi;08/02/2023;20230208;Help Desk;22;0
Jeudi;09/02/2023;20230209;HLB;319;478,6573176
Jeudi;09/02/2023;20230209;Help Desk;21;0
Vendredi;10/02/2023;20230210;HLB;318;446,9617152
Vendredi;10/02/2023;20230210;Help Desk;21;0
Samedi;11/02/2023;20230211;HLB;210;235,03095
Samedi;11/02/2023;20230211;Help Desk;14;0
Dimanche;12/02/2023;20230212;HLB;0;0
Dimanche;12/02/2023;20230212;Help Desk;0;0
Lundi;13/02/2023;20230213;HLB;393;535,3333524
Lundi;13/02/2023;20230213;Help Desk;25;0
Mardi;14/02/2023;20230214;HLB;332;494,236512
Mardi;14/02/2023;20230214;Help Desk;21;0
Mercredi;15/02/2023;20230215;HLB;339;496,1167596
Mercredi;15/02/2023;20230215;Help Desk;22;0
Jeudi;16/02/2023;20230216;HLB;324;478,6573176
Jeudi;16/02/2023;20230216;Help Desk;21;0
Vendredi;17/02/2023;20230217;HLB;323;446,9617152
Vendredi;17/02/2023;20230217;Help Desk;21;0
Samedi;18/02/2023;20230218;HLB;214;235,03095
Samedi;18/02/2023;20230218;Help Desk;14;0
Dimanche;19/02/2023;20230219;HLB;0;0
Dimanche;19/02/2023;20230219;Help Desk;0;0
Lundi;20/02/2023;20230220;HLB;399;535,3333524
Lundi;20/02/2023;20230220;Help Desk;26;0
Mardi;21/02/2023;20230221;HLB;337;494,236512
Mardi;21/02/2023;20230221;Help Desk;22;0
Mercredi;22/02/2023;20230222;HLB;344;496,1167596
Mercredi;22/02/2023;20230222;Help Desk;22;0
Jeudi;23/02/2023;20230223;HLB;329;478,6573176
Jeudi;23/02/2023;20230223;Help Desk;21;0
Vendredi;24/02/2023;20230224;HLB;328;446,9617152
Vendredi;24/02/2023;20230224;Help Desk;21;0
Samedi;25/02/2023;20230225;HLB;217;235,03095
Samedi;25/02/2023;20230225;Help Desk;14;0
Dimanche;26/02/2023;20230226;HLB;0;0
Dimanche;26/02/2023;20230226;Help Desk;0;0
Lundi;27/02/2023;20230227;HLB;375;535,3333524
Lundi;27/02/2023;20230227;Help Desk;24;0
Mardi;28/02/2023;20230228;HLB;317;494,236512
Mardi;28/02/2023;20230228;Help Desk;20;0
Mercredi;01/03/2023;20230301;HLB;337;496,1167596
Mercredi;01/03/2023;20230301;Help Desk;18;0
Jeudi;02/03/2023;20230302;HLB;322;478,6573176
Jeudi;02/03/2023;20230302;Help Desk;17;0
Vendredi;03/03/2023;20230303;HLB;321;446,9617152
Vendredi;03/03/2023;20230303;Help Desk;17;0
Samedi;04/03/2023;20230304;HLB;212;235,03095
Samedi;04/03/2023;20230304;Help Desk;11;0
Dimanche;05/03/2023;20230305;HLB;0;0
Dimanche;05/03/2023;20230305;Help Desk;0;0
Lundi;06/03/2023;20230306;HLB;411;535,3333524
Lundi;06/03/2023;20230306;Help Desk;22;0
Mardi;07/03/2023;20230307;HLB;347;494,236512
Mardi;07/03/2023;20230307;Help Desk;19;0
Mercredi;08/03/2023;20230308;HLB;354;496,1167596
Mercredi;08/03/2023;20230308;Help Desk;19;0
Jeudi;09/03/2023;20230309;HLB;339;478,6573176
Jeudi;09/03/2023;20230309;Help Desk;18;0
Vendredi;10/03/2023;20230310;HLB;337;446,9617152
Vendredi;10/03/2023;20230310;Help Desk;18;0
Samedi;11/03/2023;20230311;HLB;223;235,03095
Samedi;11/03/2023;20230311;Help Desk;12;0
Dimanche;12/03/2023;20230312;HLB;0;0
Dimanche;12/03/2023;20230312;Help Desk;0;0
Lundi;13/03/2023;20230313;HLB;390;535,3333524
Lundi;13/03/2023;20230313;Help Desk;21;0
Mardi;14/03/2023;20230314;HLB;329;494,236512
Mardi;14/03/2023;20230314;Help Desk;18;0
Mercredi;15/03/2023;20230315;HLB;336;496,1167596
Mercredi;15/03/2023;20230315;Help Desk;18;0
Jeudi;16/03/2023;20230316;HLB;321;478,6573176
Jeudi;16/03/2023;20230316;Help Desk;17;0
Vendredi;17/03/2023;20230317;HLB;320;446,9617152
Vendredi;17/03/2023;20230317;Help Desk;17;0
Samedi;18/03/2023;20230318;HLB;212;235,03095
Samedi;18/03/2023;20230318;Help Desk;11;0
Dimanche;19/03/2023;20230319;HLB;0;0
Dimanche;19/03/2023;20230319;Help Desk;0;0
Lundi;20/03/2023;20230320;HLB;377;535,3333524
Lundi;20/03/2023;20230320;Help Desk;20;0
Mardi;21/03/2023;20230321;HLB;318;494,236512
Mardi;21/03/2023;20230321;Help Desk;17;0
Mercredi;22/03/2023;20230322;HLB;325;496,1167596
Mercredi;22/03/2023;20230322;Help Desk;17;0
Jeudi;23/03/2023;20230323;HLB;311;478,6573176
Jeudi;23/03/2023;20230323;Help Desk;17;0
Vendredi;24/03/2023;20230324;HLB;310;446,9617152
Vendredi;24/03/2023;20230324;Help Desk;17;0
Samedi;25/03/2023;20230325;HLB;205;235,03095
Samedi;25/03/2023;20230325;Help Desk;11;0
Dimanche;26/03/2023;20230326;HLB;0;0
Dimanche;26/03/2023;20230326;Help Desk;0;0
Lundi;27/03/2023;20230327;HLB;396;486,666684
Lundi;27/03/2023;20230327;Help Desk;21;0
Mardi;28/03/2023;20230328;HLB;334;449,30592
Mardi;28/03/2023;20230328;Help Desk;18;0
Mercredi;29/03/2023;20230329;HLB;341;451,015236
Mercredi;29/03/2023;20230329;Help Desk;18;0
Jeudi;30/03/2023;20230330;HLB;326;435,143016
Jeudi;30/03/2023;20230330;Help Desk;17;0
Vendredi;31/03/2023;20230331;HLB;325;406,328832
Vendredi;31/03/2023;20230331;Help Desk;17;0
Samedi;01/04/2023;20230401;HLB;215;213,6645
Samedi;01/04/2023;20230401;Help Desk;12;0
Dimanche;02/04/2023;20230402;HLB;0;0
Dimanche;02/04/2023;20230402;Help Desk;0;0
Lundi;03/04/2023;20230403;HLB;409;486,666684
Lundi;03/04/2023;20230403;Help Desk;19;0
Mardi;04/04/2023;20230404;HLB;346;449,30592
Mardi;04/04/2023;20230404;Help Desk;16;0
Mercredi;05/04/2023;20230405;HLB;353;451,015236
Mercredi;05/04/2023;20230405;Help Desk;17;0
Jeudi;06/04/2023;20230406;HLB;338;435,143016
Jeudi;06/04/2023;20230406;Help Desk;16;0
Vendredi;07/04/2023;20230407;HLB;336;406,328832
Vendredi;07/04/2023;20230407;Help Desk;16;0
Samedi;08/04/2023;20230408;HLB;223;213,6645
Samedi;08/04/2023;20230408;Help Desk;11;0
Dimanche;09/04/2023;20230409;HLB;0;0
Dimanche;09/04/2023;20230409;Help Desk;0;0
Lundi;10/04/2023;20230410;HLB;0;0
Lundi;10/04/2023;20230410;Help Desk;0;0
Mardi;11/04/2023;20230411;HLB;451;449,30592
Mardi;11/04/2023;20230411;Help Desk;21;0
Mercredi;12/04/2023;20230412;HLB;417;451,015236
Mercredi;12/04/2023;20230412;Help Desk;20;0
Jeudi;13/04/2023;20230413;HLB;394;435,143016
Jeudi;13/04/2023;20230413;Help Desk;19;0
Vendredi;14/04/2023;20230414;HLB;387;406,328832
Vendredi;14/04/2023;20230414;Help Desk;18;0
Samedi;15/04/2023;20230415;HLB;259;213,6645
Samedi;15/04/2023;20230415;Help Desk;12;0
Dimanche;16/04/2023;20230416;HLB;0;0
Dimanche;16/04/2023;20230416;Help Desk;0;0
Lundi;17/04/2023;20230417;HLB;416;486,666684
Lundi;17/04/2023;20230417;Help Desk;20;0
Mardi;18/04/2023;20230418;HLB;351;449,30592
Mardi;18/04/2023;20230418;Help Desk;17;0
Mercredi;19/04/2023;20230419;HLB;358;451,015236
Mercredi;19/04/2023;20230419;Help Desk;17;0
Jeudi;20/04/2023;20230420;HLB;343;435,143016
Jeudi;20/04/2023;20230420;Help Desk;16;0
Vendredi;21/04/2023;20230421;HLB;342;406,328832
Vendredi;21/04/2023;20230421;Help Desk;16;0
Samedi;22/04/2023;20230422;HLB;226;213,6645
Samedi;22/04/2023;20230422;Help Desk;11;0
Dimanche;23/04/2023;20230423;HLB;0;0
Dimanche;23/04/2023;20230423;Help Desk;0;0
Lundi;24/04/2023;20230424;HLB;423;535,3333524
Lundi;24/04/2023;20230424;Help Desk;20;0
Mardi;25/04/2023;20230425;HLB;357;494,236512
Mardi;25/04/2023;20230425;Help Desk;17;0
Mercredi;26/04/2023;20230426;HLB;364;496,1167596
Mercredi;26/04/2023;20230426;Help Desk;17;0
Jeudi;27/04/2023;20230427;HLB;349;478,6573176
Jeudi;27/04/2023;20230427;Help Desk;16;0
Vendredi;28/04/2023;20230428;HLB;347;446,9617152
Vendredi;28/04/2023;20230428;Help Desk;16;0
Samedi;29/04/2023;20230429;HLB;230;235,03095
Samedi;29/04/2023;20230429;Help Desk;11;0
Dimanche;30/04/2023;20230430;HLB;0;0
Dimanche;30/04/2023;20230430;Help Desk;0;0
Lundi;01/05/2023;20230501;HLB;0;0
Lundi;01/05/2023;20230501;Help Desk;0;0
Mardi;02/05/2023;20230502;HLB;410;494,236512
Mardi;02/05/2023;20230502;Help Desk;19;0
Mercredi;03/05/2023;20230503;HLB;379;496,1167596
Mercredi;03/05/2023;20230503;Help Desk;18;0
Jeudi;04/05/2023;20230504;HLB;358;478,6573176
Jeudi;04/05/2023;20230504;Help Desk;17;0
Vendredi;05/05/2023;20230505;HLB;352;446,9617152
Vendredi;05/05/2023;20230505;Help Desk;17;0
Samedi;06/05/2023;20230506;HLB;236;235,03095
Samedi;06/05/2023;20230506;Help Desk;11;0
Dimanche;07/05/2023;20230507;HLB;0;0
Dimanche;07/05/2023;20230507;Help Desk;0;0
Lundi;08/05/2023;20230508;HLB;0;0
Lundi;08/05/2023;20230508;Help Desk;0;0
Mardi;09/05/2023;20230509;HLB;397;494,236512
Mardi;09/05/2023;20230509;Help Desk;19;0
Mercredi;10/05/2023;20230510;HLB;367;496,1167596
Mercredi;10/05/2023;20230510;Help Desk;17;0
Jeudi;11/05/2023;20230511;HLB;347;478,6573176
Jeudi;11/05/2023;20230511;Help Desk;16;0
Vendredi;12/05/2023;20230512;HLB;341;446,9617152
Vendredi;12/05/2023;20230512;Help Desk;16;0
Samedi;13/05/2023;20230513;HLB;228;235,03095
Samedi;13/05/2023;20230513;Help Desk;11;0
Dimanche;14/05/2023;20230514;HLB;0;0
Dimanche;14/05/2023;20230514;Help Desk;0;0
Lundi;15/05/2023;20230515;HLB;450;535,3333524
Lundi;15/05/2023;20230515;Help Desk;21;0
Mardi;16/05/2023;20230516;HLB;391;494,236512
Mardi;16/05/2023;20230516;Help Desk;18;0
Mercredi;17/05/2023;20230517;HLB;389;496,1167596
Mercredi;17/05/2023;20230517;Help Desk;18;0
Jeudi;18/05/2023;20230518;HLB;0;0
Jeudi;18/05/2023;20230518;Help Desk;0;0
Vendredi;19/05/2023;20230519;HLB;373;446,9617152
Vendredi;19/05/2023;20230519;Help Desk;18;0
Samedi;20/05/2023;20230520;HLB;213;235,03095
Samedi;20/05/2023;20230520;Help Desk;10;0
Dimanche;21/05/2023;20230521;HLB;0;0
Dimanche;21/05/2023;20230521;Help Desk;0;0
Lundi;22/05/2023;20230522;HLB;349;535,3333524
Lundi;22/05/2023;20230522;Help Desk;16;0
Mardi;23/05/2023;20230523;HLB;294;494,236512
Mardi;23/05/2023;20230523;Help Desk;14;0
Mercredi;24/05/2023;20230524;HLB;300;496,1167596
Mercredi;24/05/2023;20230524;Help Desk;14;0
Jeudi;25/05/2023;20230525;HLB;288;478,6573176
Jeudi;25/05/2023;20230525;Help Desk;14;0
Vendredi;26/05/2023;20230526;HLB;286;446,9617152
Vendredi;26/05/2023;20230526;Help Desk;14;0
Samedi;27/05/2023;20230527;HLB;190;235,03095
Samedi;27/05/2023;20230527;Help Desk;9;0
Dimanche;28/05/2023;20230528;HLB;0;0
Dimanche;28/05/2023;20230528;Help Desk;0;0
Lundi;29/05/2023;20230529;HLB;0;0
Lundi;29/05/2023;20230529;Help Desk;0;0
Mardi;30/05/2023;20230530;HLB;498;494,236512
Mardi;30/05/2023;20230530;Help Desk;24;0
Mercredi;31/05/2023;20230531;HLB;461;496,1167596
Mercredi;31/05/2023;20230531;Help Desk;22;0
Jeudi;01/06/2023;20230601;HLB;422;478,6573176
Jeudi;01/06/2023;20230601;Help Desk;23;0
Vendredi;02/06/2023;20230602;HLB;415;446,9617152
Vendredi;02/06/2023;20230602;Help Desk;23;0
Samedi;03/06/2023;20230603;HLB;278;235,03095
Samedi;03/06/2023;20230603;Help Desk;15;0
Dimanche;04/06/2023;20230604;HLB;0;0
Dimanche;04/06/2023;20230604;Help Desk;0;0
Lundi;05/06/2023;20230605;HLB;399;535,3333524
Lundi;05/06/2023;20230605;Help Desk;22;0
Mardi;06/06/2023;20230606;HLB;337;494,236512
Mardi;06/06/2023;20230606;Help Desk;19;0
Mercredi;07/06/2023;20230607;HLB;343;496,1167596
Mercredi;07/06/2023;20230607;Help Desk;19;0
Jeudi;08/06/2023;20230608;HLB;329;478,6573176
Jeudi;08/06/2023;20230608;Help Desk;18;0
Vendredi;09/06/2023;20230609;HLB;327;446,9617152
Vendredi;09/06/2023;20230609;Help Desk;18;0
Samedi;10/06/2023;20230610;HLB;217;235,03095
Samedi;10/06/2023;20230610;Help Desk;12;0
Dimanche;11/06/2023;20230611;HLB;0;0
Dimanche;11/06/2023;20230611;Help Desk;0;0
Lundi;12/06/2023;20230612;HLB;405;535,3333524
Lundi;12/06/2023;20230612;Help Desk;22;0
Mardi;13/06/2023;20230613;HLB;342;494,236512
Mardi;13/06/2023;20230613;Help Desk;19;0
Mercredi;14/06/2023;20230614;HLB;349;496,1167596
Mercredi;14/06/2023;20230614;Help Desk;19;0
Jeudi;15/06/2023;20230615;HLB;334;478,6573176
Jeudi;15/06/2023;20230615;Help Desk;19;0
Vendredi;16/06/2023;20230616;HLB;333;446,9617152
Vendredi;16/06/2023;20230616;Help Desk;18;0
Samedi;17/06/2023;20230617;HLB;220;235,03095
Samedi;17/06/2023;20230617;Help Desk;12;0
Dimanche;18/06/2023;20230618;HLB;0;0
Dimanche;18/06/2023;20230618;Help Desk;0;0
Lundi;19/06/2023;20230619;HLB;472;535,3333524
Lundi;19/06/2023;20230619;Help Desk;26;0
Mardi;20/06/2023;20230620;HLB;399;494,236512
Mardi;20/06/2023;20230620;Help Desk;22;0
Mercredi;21/06/2023;20230621;HLB;406;496,1167596
Mercredi;21/06/2023;20230621;Help Desk;23;0
Jeudi;22/06/2023;20230622;HLB;389;478,6573176
Jeudi;22/06/2023;20230622;Help Desk;22;0
Vendredi;23/06/2023;20230623;HLB;388;446,9617152
Vendredi;23/06/2023;20230623;Help Desk;21;0
Samedi;24/06/2023;20230624;HLB;257;235,03095
Samedi;24/06/2023;20230624;Help Desk;14;0
Dimanche;25/06/2023;20230625;HLB;0;0
Dimanche;25/06/2023;20230625;Help Desk;0;0
Lundi;26/06/2023;20230626;HLB;432;535,3333524
Lundi;26/06/2023;20230626;Help Desk;24;0
Mardi;27/06/2023;20230627;HLB;365;494,236512
Mardi;27/06/2023;20230627;Help Desk;20;0
Mercredi;28/06/2023;20230628;HLB;372;496,1167596
Mercredi;28/06/2023;20230628;Help Desk;21;0
Jeudi;29/06/2023;20230629;HLB;357;478,6573176
Jeudi;29/06/2023;20230629;Help Desk;20;0
Vendredi;30/06/2023;20230630;HLB;355;446,9617152
Vendredi;30/06/2023;20230630;Help Desk;20;0
Samedi;01/07/2023;20230701;HLB;235;235,03095
Samedi;01/07/2023;20230701;Help Desk;13;0
Dimanche;02/07/2023;20230702;HLB;0;0
Dimanche;02/07/2023;20230702;Help Desk;0;0
Lundi;03/07/2023;20230703;HLB;446;535,3333524
Lundi;03/07/2023;20230703;Help Desk;25;0
Mardi;04/07/2023;20230704;HLB;377;494,236512
Mardi;04/07/2023;20230704;Help Desk;21;0
Mercredi;05/07/2023;20230705;HLB;384;496,1167596
Mercredi;05/07/2023;20230705;Help Desk;21;0
Jeudi;06/07/2023;20230706;HLB;368;478,6573176
Jeudi;06/07/2023;20230706;Help Desk;20;0
Vendredi;07/07/2023;20230707;HLB;367;446,9617152
Vendredi;07/07/2023;20230707;Help Desk;20;0
Samedi;08/07/2023;20230708;HLB;243;235,03095
Samedi;08/07/2023;20230708;Help Desk;13;0
Dimanche;09/07/2023;20230709;HLB;0;0
Dimanche;09/07/2023;20230709;Help Desk;0;0
Lundi;10/07/2023;20230710;HLB;491;535,3333524
Lundi;10/07/2023;20230710;Help Desk;27;0
Mardi;11/07/2023;20230711;HLB;426;494,236512
Mardi;11/07/2023;20230711;Help Desk;24;0
Mercredi;12/07/2023;20230712;HLB;382;496,1167596
Mercredi;12/07/2023;20230712;Help Desk;21;0
Jeudi;13/07/2023;20230713;HLB;322;478,6573176
Jeudi;13/07/2023;20230713;Help Desk;18;0
Vendredi;14/07/2023;20230714;HLB;0;0
Vendredi;14/07/2023;20230714;Help Desk;0;0
Samedi;15/07/2023;20230715;HLB;275;235,03095
Samedi;15/07/2023;20230715;Help Desk;15;0
Dimanche;16/07/2023;20230716;HLB;0;0
Dimanche;16/07/2023;20230716;Help Desk;0;0
Lundi;17/07/2023;20230717;HLB;450;535,3333524
Lundi;17/07/2023;20230717;Help Desk;25;0
Mardi;18/07/2023;20230718;HLB;380;494,236512
Mardi;18/07/2023;20230718;Help Desk;21;0
Mercredi;19/07/2023;20230719;HLB;387;496,1167596
Mercredi;19/07/2023;20230719;Help Desk;21;0
Jeudi;20/07/2023;20230720;HLB;371;478,6573176
Jeudi;20/07/2023;20230720;Help Desk;21;0
Vendredi;21/07/2023;20230721;HLB;369;446,9617152
Vendredi;21/07/2023;20230721;Help Desk;20;0
Samedi;22/07/2023;20230722;HLB;244;235,03095
Samedi;22/07/2023;20230722;Help Desk;14;0
Dimanche;23/07/2023;20230723;HLB;0;0
Dimanche;23/07/2023;20230723;Help Desk;0;0
Lundi;24/07/2023;20230724;HLB;414;535,3333524
Lundi;24/07/2023;20230724;Help Desk;23;0
Mardi;25/07/2023;20230725;HLB;350;494,236512
Mardi;25/07/2023;20230725;Help Desk;19;0
Mercredi;26/07/2023;20230726;HLB;357;496,1167596
Mercredi;26/07/2023;20230726;Help Desk;20;0
Jeudi;27/07/2023;20230727;HLB;342;478,6573176
Jeudi;27/07/2023;20230727;Help Desk;19;0
Vendredi;28/07/2023;20230728;HLB;340;446,9617152
Vendredi;28/07/2023;20230728;Help Desk;19;0
Samedi;29/07/2023;20230729;HLB;225;235,03095
Samedi;29/07/2023;20230729;Help Desk;12;0
Dimanche;30/07/2023;20230730;HLB;0;0
Dimanche;30/07/2023;20230730;Help Desk;0;0
Lundi;31/07/2023;20230731;HLB;352;535,3333524
Lundi;31/07/2023;20230731;Help Desk;19;0
Mardi;01/08/2023;20230801;HLB;313;494,236512
Mardi;01/08/2023;20230801;Help Desk;17;0
Mercredi;02/08/2023;20230802;HLB;319;496,1167596
Mercredi;02/08/2023;20230802;Help Desk;17;0
Jeudi;03/08/2023;20230803;HLB;306;478,6573176
Jeudi;03/08/2023;20230803;Help Desk;16;0
Vendredi;04/08/2023;20230804;HLB;304;446,9617152
Vendredi;04/08/2023;20230804;Help Desk;16;0
Samedi;05/08/2023;20230805;HLB;201;235,03095
Samedi;05/08/2023;20230805;Help Desk;11;0
Dimanche;06/08/2023;20230806;HLB;0;0
Dimanche;06/08/2023;20230806;Help Desk;0;0
Lundi;07/08/2023;20230807;HLB;375;535,3333524
Lundi;07/08/2023;20230807;Help Desk;20;0
Mardi;08/08/2023;20230808;HLB;316;494,236512
Mardi;08/08/2023;20230808;Help Desk;17;0
Mercredi;09/08/2023;20230809;HLB;323;496,1167596
Mercredi;09/08/2023;20230809;Help Desk;17;0
Jeudi;10/08/2023;20230810;HLB;309;478,6573176
Jeudi;10/08/2023;20230810;Help Desk;17;0
Vendredi;11/08/2023;20230811;HLB;308;446,9617152
Vendredi;11/08/2023;20230811;Help Desk;16;0
Samedi;12/08/2023;20230812;HLB;204;235,03095
Samedi;12/08/2023;20230812;Help Desk;11;0
Dimanche;13/08/2023;20230813;HLB;0;0
Dimanche;13/08/2023;20230813;Help Desk;0;0
Lundi;14/08/2023;20230814;HLB;406;535,3333524
Lundi;14/08/2023;20230814;Help Desk;22;0
Mardi;15/08/2023;20230815;HLB;0;0
Mardi;15/08/2023;20230815;Help Desk;0;0
Mercredi;16/08/2023;20230816;HLB;414;496,1167596
Mercredi;16/08/2023;20230816;Help Desk;22;0
Jeudi;17/08/2023;20230817;HLB;345;478,6573176
Jeudi;17/08/2023;20230817;Help Desk;18;0
Vendredi;18/08/2023;20230818;HLB;373;446,9617152
Vendredi;18/08/2023;20230818;Help Desk;20;0
Samedi;19/08/2023;20230819;HLB;248;235,03095
Samedi;19/08/2023;20230819;Help Desk;13;0
Dimanche;20/08/2023;20230820;HLB;0;0
Dimanche;20/08/2023;20230820;Help Desk;0;0
Lundi;21/08/2023;20230821;HLB;427;535,3333524
Lundi;21/08/2023;20230821;Help Desk;23;0
Mardi;22/08/2023;20230822;HLB;361;494,236512
Mardi;22/08/2023;20230822;Help Desk;19;0
Mercredi;23/08/2023;20230823;HLB;368;496,1167596
Mercredi;23/08/2023;20230823;Help Desk;20;0
Jeudi;24/08/2023;20230824;HLB;352;478,6573176
Jeudi;24/08/2023;20230824;Help Desk;19;0
Vendredi;25/08/2023;20230825;HLB;351;446,9617152
Vendredi;25/08/2023;20230825;Help Desk;19;0
Samedi;26/08/2023;20230826;HLB;232;235,03095
Samedi;26/08/2023;20230826;Help Desk;12;0
Dimanche;27/08/2023;20230827;HLB;0;0
Dimanche;27/08/2023;20230827;Help Desk;0;0
Lundi;28/08/2023;20230828;HLB;441;535,3333524
Lundi;28/08/2023;20230828;Help Desk;24;0
Mardi;29/08/2023;20230829;HLB;373;494,236512
Mardi;29/08/2023;20230829;Help Desk;20;0
Mercredi;30/08/2023;20230830;HLB;380;496,1167596
Mercredi;30/08/2023;20230830;Help Desk;20;0
Jeudi;31/08/2023;20230831;HLB;364;478,6573176
Jeudi;31/08/2023;20230831;Help Desk;20;0
Vendredi;01/09/2023;20230901;HLB;363;446,9617152
Vendredi;01/09/2023;20230901;Help Desk;19;0
Samedi;02/09/2023;20230902;HLB;240;235,03095
Samedi;02/09/2023;20230902;Help Desk;13;0
Dimanche;03/09/2023;20230903;HLB;0;0
Dimanche;03/09/2023;20230903;Help Desk;0;0
Lundi;04/09/2023;20230904;HLB;437;535,3333524
Lundi;04/09/2023;20230904;Help Desk;23;0
Mardi;05/09/2023;20230905;HLB;369;494,236512
Mardi;05/09/2023;20230905;Help Desk;20;0
Mercredi;06/09/2023;20230906;HLB;376;496,1167596
Mercredi;06/09/2023;20230906;Help Desk;20;0
Jeudi;07/09/2023;20230907;HLB;360;478,6573176
Jeudi;07/09/2023;20230907;Help Desk;19;0
Vendredi;08/09/2023;20230908;HLB;359;446,9617152
Vendredi;08/09/2023;20230908;Help Desk;19;0
Samedi;09/09/2023;20230909;HLB;237;235,03095
Samedi;09/09/2023;20230909;Help Desk;13;0
Dimanche;10/09/2023;20230910;HLB;0;0
Dimanche;10/09/2023;20230910;Help Desk;0;0
Lundi;11/09/2023;20230911;HLB;426;535,3333524
Lundi;11/09/2023;20230911;Help Desk;23;0
Mardi;12/09/2023;20230912;HLB;360;494,236512
Mardi;12/09/2023;20230912;Help Desk;19;0
Mercredi;13/09/2023;20230913;HLB;367;496,1167596
Mercredi;13/09/2023;20230913;Help Desk;20;0
Jeudi;14/09/2023;20230914;HLB;352;478,6573176
Jeudi;14/09/2023;20230914;Help Desk;19;0
Vendredi;15/09/2023;20230915;HLB;350;446,9617152
Vendredi;15/09/2023;20230915;Help Desk;19;0
Samedi;16/09/2023;20230916;HLB;232;235,03095
Samedi;16/09/2023;20230916;Help Desk;12;0
Dimanche;17/09/2023;20230917;HLB;0;0
Dimanche;17/09/2023;20230917;Help Desk;0;0
Lundi;18/09/2023;20230918;HLB;431;535,3333524
Lundi;18/09/2023;20230918;Help Desk;23;0
Mardi;19/09/2023;20230919;HLB;364;494,236512
Mardi;19/09/2023;20230919;Help Desk;20;0
Mercredi;20/09/2023;20230920;HLB;371;496,1167596
Mercredi;20/09/2023;20230920;Help Desk;20;0
Jeudi;21/09/2023;20230921;HLB;356;478,6573176
Jeudi;21/09/2023;20230921;Help Desk;19;0
Vendredi;22/09/2023;20230922;HLB;354;446,9617152
Vendredi;22/09/2023;20230922;Help Desk;19;0
Samedi;23/09/2023;20230923;HLB;234;235,03095
Samedi;23/09/2023;20230923;Help Desk;13;0
Dimanche;24/09/2023;20230924;HLB;0;0
Dimanche;24/09/2023;20230924;Help Desk;0;0
Lundi;25/09/2023;20230925;HLB;425;535,3333524
Lundi;25/09/2023;20230925;Help Desk;23;0
Mardi;26/09/2023;20230926;HLB;359;494,236512
Mardi;26/09/2023;20230926;Help Desk;19;0
Mercredi;27/09/2023;20230927;HLB;366;496,1167596
Mercredi;27/09/2023;20230927;Help Desk;20;0
Jeudi;28/09/2023;20230928;HLB;350;478,6573176
Jeudi;28/09/2023;20230928;Help Desk;19;0
Vendredi;29/09/2023;20230929;HLB;349;446,9617152
Vendredi;29/09/2023;20230929;Help Desk;19;0
Samedi;30/09/2023;20230930;HLB;231;235,03095
Samedi;30/09/2023;20230930;Help Desk;12;0
Dimanche;01/10/2023;20231001;HLB;0;0
Dimanche;01/10/2023;20231001;Help Desk;0;0
Lundi;02/10/2023;20231002;HLB;495;535,3333524
Lundi;02/10/2023;20231002;Help Desk;27;0
Mardi;03/10/2023;20231003;HLB;467;494,236512
Mardi;03/10/2023;20231003;Help Desk;26;0
Mercredi;04/10/2023;20231004;HLB;451;496,1167596
Mercredi;04/10/2023;20231004;Help Desk;25;0
Jeudi;05/10/2023;20231005;HLB;413;478,6573176
Jeudi;05/10/2023;20231005;Help Desk;23;0
Vendredi;06/10/2023;20231006;HLB;407;446,9617152
Vendredi;06/10/2023;20231006;Help Desk;23;0
Samedi;07/10/2023;20231007;HLB;293;235,03095
Samedi;07/10/2023;20231007;Help Desk;16;0
Dimanche;08/10/2023;20231008;HLB;0;0
Dimanche;08/10/2023;20231008;Help Desk;0;0
Lundi;09/10/2023;20231009;HLB;506;535,3333524
Lundi;09/10/2023;20231009;Help Desk;28;0
Mardi;10/10/2023;20231010;HLB;447;494,236512
Mardi;10/10/2023;20231010;Help Desk;25;0
Mercredi;11/10/2023;20231011;HLB;450;496,1167596
Mercredi;11/10/2023;20231011;Help Desk;25;0
Jeudi;12/10/2023;20231012;HLB;406;478,6573176
Jeudi;12/10/2023;20231012;Help Desk;23;0
Vendredi;13/10/2023;20231013;HLB;397;446,9617152
Vendredi;13/10/2023;20231013;Help Desk;22;0
Samedi;14/10/2023;20231014;HLB;289;235,03095
Samedi;14/10/2023;20231014;Help Desk;16;0
Dimanche;15/10/2023;20231015;HLB;0;0
Dimanche;15/10/2023;20231015;Help Desk;0;0
Lundi;16/10/2023;20231016;HLB;491;535,3333524
Lundi;16/10/2023;20231016;Help Desk;27;0
Mardi;17/10/2023;20231017;HLB;450;494,236512
Mardi;17/10/2023;20231017;Help Desk;25;0
Mercredi;18/10/2023;20231018;HLB;437;496,1167596
Mercredi;18/10/2023;20231018;Help Desk;24;0
Jeudi;19/10/2023;20231019;HLB;408;478,6573176
Jeudi;19/10/2023;20231019;Help Desk;23;0
Vendredi;20/10/2023;20231020;HLB;406;446,9617152
Vendredi;20/10/2023;20231020;Help Desk;23;0
Samedi;21/10/2023;20231021;HLB;289;235,03095
Samedi;21/10/2023;20231021;Help Desk;16;0
Dimanche;22/10/2023;20231022;HLB;0;0
Dimanche;22/10/2023;20231022;Help Desk;0;0
Lundi;23/10/2023;20231023;HLB;494;535,3333524
Lundi;23/10/2023;20231023;Help Desk;27;0
Mardi;24/10/2023;20231024;HLB;444;494,236512
Mardi;24/10/2023;20231024;Help Desk;25;0
Mercredi;25/10/2023;20231025;HLB;464;496,1167596
Mercredi;25/10/2023;20231025;Help Desk;26;0
Jeudi;26/10/2023;20231026;HLB;431;478,6573176
Jeudi;26/10/2023;20231026;Help Desk;24;0
Vendredi;27/10/2023;20231027;HLB;421;446,9617152
Vendredi;27/10/2023;20231027;Help Desk;23;0
Samedi;28/10/2023;20231028;HLB;298;235,03095
Samedi;28/10/2023;20231028;Help Desk;17;0
Dimanche;29/10/2023;20231029;HLB;0;0
Dimanche;29/10/2023;20231029;Help Desk;0;0
Lundi;30/10/2023;20231030;HLB;501;535,3333524
Lundi;30/10/2023;20231030;Help Desk;28;0
Mardi;31/10/2023;20231031;HLB;414;494,236512
Mardi;31/10/2023;20231031;Help Desk;23;0
Mercredi;01/11/2023;20231101;HLB;0;0
Mercredi;01/11/2023;20231101;Help Desk;0;0
Jeudi;02/11/2023;20231102;HLB;433;450,5010048
Jeudi;02/11/2023;20231102;Help Desk;24;0
Vendredi;03/11/2023;20231103;HLB;409;420,6698496
Vendredi;03/11/2023;20231103;Help Desk;22;0
Samedi;04/11/2023;20231104;HLB;295;221,2056
Samedi;04/11/2023;20231104;Help Desk;16;0
Dimanche;05/11/2023;20231105;HLB;0;0
Dimanche;05/11/2023;20231105;Help Desk;0;0
Lundi;06/11/2023;20231106;HLB;493;503,8431552
Lundi;06/11/2023;20231106;Help Desk;27;0
Mardi;07/11/2023;20231107;HLB;431;465,163776
Mardi;07/11/2023;20231107;Help Desk;24;0
Mercredi;08/11/2023;20231108;HLB;446;466,9334208
Mercredi;08/11/2023;20231108;Help Desk;24;0
Jeudi;09/11/2023;20231109;HLB;412;450,5010048
Jeudi;09/11/2023;20231109;Help Desk;23;0
Vendredi;10/11/2023;20231110;HLB;366;420,6698496
Vendredi;10/11/2023;20231110;Help Desk;20;0
Samedi;11/11/2023;20231111;HLB;0;0
Samedi;11/11/2023;20231111;Help Desk;0;0
Dimanche;12/11/2023;20231112;HLB;0;0
Dimanche;12/11/2023;20231112;Help Desk;0;0
Lundi;13/11/2023;20231113;HLB;483;503,8431552
Lundi;13/11/2023;20231113;Help Desk;27;0
Mardi;14/11/2023;20231114;HLB;426;465,163776
Mardi;14/11/2023;20231114;Help Desk;23;0
Mercredi;15/11/2023;20231115;HLB;444;466,9334208
Mercredi;15/11/2023;20231115;Help Desk;24;0
Jeudi;16/11/2023;20231116;HLB;419;450,5010048
Jeudi;16/11/2023;20231116;Help Desk;23;0
Vendredi;17/11/2023;20231117;HLB;406;420,6698496
Vendredi;17/11/2023;20231117;Help Desk;22;0
Samedi;18/11/2023;20231118;HLB;299;221,2056
Samedi;18/11/2023;20231118;Help Desk;16;0
Dimanche;19/11/2023;20231119;HLB;0;0
Dimanche;19/11/2023;20231119;Help Desk;0;0
Lundi;20/11/2023;20231120;HLB;498;503,8431552
Lundi;20/11/2023;20231120;Help Desk;27;0
Mardi;21/11/2023;20231121;HLB;425;465,163776
Mardi;21/11/2023;20231121;Help Desk;23;0
Mercredi;22/11/2023;20231122;HLB;427;466,9334208
Mercredi;22/11/2023;20231122;Help Desk;23;0
Jeudi;23/11/2023;20231123;HLB;412;450,5010048
Jeudi;23/11/2023;20231123;Help Desk;23;0
Vendredi;24/11/2023;20231124;HLB;406;420,6698496
Vendredi;24/11/2023;20231124;Help Desk;22;0
Samedi;25/11/2023;20231125;HLB;278;221,2056
Samedi;25/11/2023;20231125;Help Desk;15;0
Dimanche;26/11/2023;20231126;HLB;0;0
Dimanche;26/11/2023;20231126;Help Desk;0;0
Lundi;27/11/2023;20231127;HLB;508;503,8431552
Lundi;27/11/2023;20231127;Help Desk;28;0
Mardi;28/11/2023;20231128;HLB;423;465,163776
Mardi;28/11/2023;20231128;Help Desk;23;0
Mercredi;29/11/2023;20231129;HLB;433;466,9334208
Mercredi;29/11/2023;20231129;Help Desk;24;0
Jeudi;30/11/2023;20231130;HLB;408;450,5010048
Jeudi;30/11/2023;20231130;Help Desk;22;0
Vendredi;01/12/2023;20231201;HLB;366;420,6698496
Vendredi;01/12/2023;20231201;Help Desk;23;0
Samedi;02/12/2023;20231202;HLB;251;221,2056
Samedi;02/12/2023;20231202;Help Desk;16;0
Dimanche;03/12/2023;20231203;HLB;0;0
Dimanche;03/12/2023;20231203;Help Desk;0;0
Lundi;04/12/2023;20231204;HLB;457;503,8431552
Lundi;04/12/2023;20231204;Help Desk;29;0
Mardi;05/12/2023;20231205;HLB;420;465,163776
Mardi;05/12/2023;20231205;Help Desk;26;0
Mercredi;06/12/2023;20231206;HLB;414;466,9334208
Mercredi;06/12/2023;20231206;Help Desk;26;0
Jeudi;07/12/2023;20231207;HLB;379;450,5010048
Jeudi;07/12/2023;20231207;Help Desk;24;0
Vendredi;08/12/2023;20231208;HLB;368;420,6698496
Vendredi;08/12/2023;20231208;Help Desk;23;0
Samedi;09/12/2023;20231209;HLB;254;221,2056
Samedi;09/12/2023;20231209;Help Desk;16;0
Dimanche;10/12/2023;20231210;HLB;0;0
Dimanche;10/12/2023;20231210;Help Desk;0;0
Lundi;11/12/2023;20231211;HLB;458;503,8431552
Lundi;11/12/2023;20231211;Help Desk;29;0
Mardi;12/12/2023;20231212;HLB;394;465,163776
Mardi;12/12/2023;20231212;Help Desk;25;0
Mercredi;13/12/2023;20231213;HLB;412;466,9334208
Mercredi;13/12/2023;20231213;Help Desk;26;0
Jeudi;14/12/2023;20231214;HLB;369;450,5010048
Jeudi;14/12/2023;20231214;Help Desk;23;0
Vendredi;15/12/2023;20231215;HLB;364;420,6698496
Vendredi;15/12/2023;20231215;Help Desk;23;0
Samedi;16/12/2023;20231216;HLB;238;221,2056
Samedi;16/12/2023;20231216;Help Desk;15;0
Dimanche;17/12/2023;20231217;HLB;0;0
Dimanche;17/12/2023;20231217;Help Desk;0;0
Lundi;18/12/2023;20231218;HLB;450;503,8431552
Lundi;18/12/2023;20231218;Help Desk;28;0
Mardi;19/12/2023;20231219;HLB;407;465,163776
Mardi;19/12/2023;20231219;Help Desk;25;0
Mercredi;20/12/2023;20231220;HLB;413;466,9334208
Mercredi;20/12/2023;20231220;Help Desk;26;0
Jeudi;21/12/2023;20231221;HLB;382;450,5010048
Jeudi;21/12/2023;20231221;Help Desk;24;0
Vendredi;22/12/2023;20231222;HLB;352;420,6698496
Vendredi;22/12/2023;20231222;Help Desk;22;0
Samedi;23/12/2023;20231223;HLB;208;221,2056
Samedi;23/12/2023;20231223;Help Desk;13;0
Dimanche;24/12/2023;20231224;HLB;0;0
Dimanche;24/12/2023;20231224;Help Desk;0;0
Lundi;25/12/2023;20231225;HLB;0;0
Lundi;25/12/2023;20231225;Help Desk;0;0
Mardi;26/12/2023;20231226;HLB;409;465,163776
Mardi;26/12/2023;20231226;Help Desk;26;0
Mercredi;27/12/2023;20231227;HLB;366;466,9334208
Mercredi;27/12/2023;20231227;Help Desk;23;0
Jeudi;28/12/2023;20231228;HLB;332;450,5010048
Jeudi;28/12/2023;20231228;Help Desk;21;0
Vendredi;29/12/2023;20231229;HLB;318;420,6698496
Vendredi;29/12/2023;20231229;Help Desk;20;0
Samedi;30/12/2023;20231230;HLB;207;221,2056
Samedi;30/12/2023;20231230;Help Desk;13;0
Dimanche;31/12/2023;20231231;HLB;0;0
Dimanche;31/12/2023;20231231;Help Desk;0;0
Lundi;01/01/2024;20240101;Help Desk;0;0
Lundi;01/01/2024;20240101;HLB;0;0
Mardi;02/01/2024;20240102;Help Desk;21;0
Mardi;02/01/2024;20240102;HLB;364;465,163776
Mercredi;03/01/2024;20240103;Help Desk;19;0
Mercredi;03/01/2024;20240103;HLB;343;466,9334208
Jeudi;04/01/2024;20240104;Help Desk;18;0
Jeudi;04/01/2024;20240104;HLB;319;450,5010048
Vendredi;05/01/2024;20240105;Help Desk;17;0
Vendredi;05/01/2024;20240105;HLB;305;420,6698496
Samedi;06/01/2024;20240106;Help Desk;12;0
Samedi;06/01/2024;20240106;HLB;206;221,2056
Dimanche;07/01/2024;20240107;Help Desk;0;0
Dimanche;07/01/2024;20240107;HLB;0;0
Lundi;08/01/2024;20240108;Help Desk;24;0
Lundi;08/01/2024;20240108;HLB;433;503,8431552
Mardi;09/01/2024;20240109;Help Desk;20;0
Mardi;09/01/2024;20240109;HLB;356;465,163776
Mercredi;10/01/2024;20240110;Help Desk;19;0
Mercredi;10/01/2024;20240110;HLB;344;466,9334208
Jeudi;11/01/2024;20240111;Help Desk;18;0
Jeudi;11/01/2024;20240111;HLB;321;450,5010048
Vendredi;12/01/2024;20240112;Help Desk;18;0
Vendredi;12/01/2024;20240112;HLB;324;420,6698496
Samedi;13/01/2024;20240113;Help Desk;13;0
Samedi;13/01/2024;20240113;HLB;223;221,2056
Dimanche;14/01/2024;20240114;Help Desk;0;0
Dimanche;14/01/2024;20240114;HLB;0;0
Lundi;15/01/2024;20240115;Help Desk;23;0
Lundi;15/01/2024;20240115;HLB;405;503,8431552
Mardi;16/01/2024;20240116;Help Desk;20;0
Mardi;16/01/2024;20240116;HLB;346;465,163776
Mercredi;17/01/2024;20240117;Help Desk;19;0
Mercredi;17/01/2024;20240117;HLB;338;466,9334208
Jeudi;18/01/2024;20240118;Help Desk;18;0
Jeudi;18/01/2024;20240118;HLB;310;450,5010048
Vendredi;19/01/2024;20240119;Help Desk;17;0
Vendredi;19/01/2024;20240119;HLB;305;420,6698496
Samedi;20/01/2024;20240120;Help Desk;12;0
Samedi;20/01/2024;20240120;HLB;214;221,2056
Dimanche;21/01/2024;20240121;Help Desk;0;0
Dimanche;21/01/2024;20240121;HLB;0;0
Lundi;22/01/2024;20240122;Help Desk;23;0
Lundi;22/01/2024;20240122;HLB;406;503,8431552
Mardi;23/01/2024;20240123;Help Desk;19;0
Mardi;23/01/2024;20240123;HLB;331;465,163776
Mercredi;24/01/2024;20240124;Help Desk;19;0
Mercredi;24/01/2024;20240124;HLB;343;466,9334208
Jeudi;25/01/2024;20240125;Help Desk;18;0
Jeudi;25/01/2024;20240125;HLB;326;450,5010048
Vendredi;26/01/2024;20240126;Help Desk;18;0
Vendredi;26/01/2024;20240126;HLB;323;420,6698496
Samedi;27/01/2024;20240127;Help Desk;12;0
Samedi;27/01/2024;20240127;HLB;218;221,2056
Dimanche;28/01/2024;20240128;Help Desk;0;0
Dimanche;28/01/2024;20240128;HLB;0;0
Lundi;29/01/2024;20240129;Help Desk;23;0
Lundi;29/01/2024;20240129;HLB;398;503,8431552
Mardi;30/01/2024;20240130;Help Desk;19;0
Mardi;30/01/2024;20240130;HLB;342;465,163776
Mercredi;31/01/2024;20240131;Help Desk;19;0
Mercredi;31/01/2024;20240131;HLB;333;466,9334208
Jeudi;01/02/2024;20240201;Help Desk;14;0
Vendredi;02/02/2024;20240202;Help Desk;14;0
Samedi;03/02/2024;20240203;Help Desk;10;0
Dimanche;04/02/2024;20240204;Help Desk;0;0
Lundi;05/02/2024;20240205;Help Desk;17;0
Mardi;06/02/2024;20240206;Help Desk;14;0
Mercredi;07/02/2024;20240207;Help Desk;14;0
Jeudi;08/02/2024;20240208;Help Desk;14;0
Vendredi;09/02/2024;20240209;Help Desk;14;0
Samedi;10/02/2024;20240210;Help Desk;10;0
Dimanche;11/02/2024;20240211;Help Desk;0;0
Lundi;12/02/2024;20240212;Help Desk;17;0
Mardi;13/02/2024;20240213;Help Desk;15;0
Mercredi;14/02/2024;20240214;Help Desk;14;0
Jeudi;15/02/2024;20240215;Help Desk;14;0
Vendredi;16/02/2024;20240216;Help Desk;13;0
Samedi;17/02/2024;20240217;Help Desk;10;0
Dimanche;18/02/2024;20240218;Help Desk;0;0
Lundi;19/02/2024;20240219;Help Desk;17;0
Mardi;20/02/2024;20240220;Help Desk;14;0
Mercredi;21/02/2024;20240221;Help Desk;14;0
Jeudi;22/02/2024;20240222;Help Desk;14;0
Vendredi;23/02/2024;20240223;Help Desk;14;0
Samedi;24/02/2024;20240224;Help Desk;10;0
Dimanche;25/02/2024;20240225;Help Desk;0;0
Lundi;26/02/2024;20240226;Help Desk;17;0
Mardi;27/02/2024;20240227;Help Desk;14;0
Mercredi;28/02/2024;20240228;Help Desk;15;0
Jeudi;29/02/2024;20240229;Help Desk;14;0
Jeudi;01/02/2024;20240201;HLB;291;450,5010048
Vendredi;02/02/2024;20240202;HLB;291;420,6698496
Samedi;03/02/2024;20240203;HLB;205;221,2056
Dimanche;04/02/2024;20240204;HLB;0;0
Lundi;05/02/2024;20240205;HLB;363;503,8431552
Mardi;06/02/2024;20240206;HLB;303;465,163776
Mercredi;07/02/2024;20240207;HLB;302;466,9334208
Jeudi;08/02/2024;20240208;HLB;286;450,5010048
Vendredi;09/02/2024;20240209;HLB;288;420,6698496
Samedi;10/02/2024;20240210;HLB;201;221,2056
Dimanche;11/02/2024;20240211;HLB;0;0
Lundi;12/02/2024;20240212;HLB;360;503,8431552
Mardi;13/02/2024;20240213;HLB;306;465,163776
Mercredi;14/02/2024;20240214;HLB;304;466,9334208
Jeudi;15/02/2024;20240215;HLB;287;450,5010048
Vendredi;16/02/2024;20240216;HLB;282;420,6698496
Samedi;17/02/2024;20240217;HLB;202;221,2056
Dimanche;18/02/2024;20240218;HLB;0;0
Lundi;19/02/2024;20240219;HLB;365;503,8431552
Mardi;20/02/2024;20240220;HLB;297;465,163776
Mercredi;21/02/2024;20240221;HLB;302;466,9334208
Jeudi;22/02/2024;20240222;HLB;293;450,5010048
Vendredi;23/02/2024;20240223;HLB;283;420,6698496
Samedi;24/02/2024;20240224;HLB;201;221,2056
Dimanche;25/02/2024;20240225;HLB;0;0
Lundi;26/02/2024;20240226;HLB;362;503,8431552
Mardi;27/02/2024;20240227;HLB;301;465,163776
Mercredi;28/02/2024;20240228;HLB;305;466,9334208
Jeudi;29/02/2024;20240229;HLB;286;450,5010048
Vendredi;01/03/2024;20240301;Help Desk;15;0
Samedi;02/03/2024;20240302;Help Desk;10;0
Dimanche;03/03/2024;20240303;Help Desk;0;0
Lundi;04/03/2024;20240304;Help Desk;19;0
Mardi;05/03/2024;20240305;Help Desk;16;0
Mercredi;06/03/2024;20240306;Help Desk;16;0
Jeudi;07/03/2024;20240307;Help Desk;15;0
Vendredi;08/03/2024;20240308;Help Desk;15;0
Samedi;09/03/2024;20240309;Help Desk;10;0
Dimanche;10/03/2024;20240310;Help Desk;0;0
Lundi;11/03/2024;20240311;Help Desk;19;0
Mardi;12/03/2024;20240312;Help Desk;17;0
Mercredi;13/03/2024;20240313;Help Desk;17;0
Jeudi;14/03/2024;20240314;Help Desk;16;0
Vendredi;15/03/2024;20240315;Help Desk;15;0
Samedi;16/03/2024;20240316;Help Desk;11;0
Dimanche;17/03/2024;20240317;Help Desk;0;0
Lundi;18/03/2024;20240318;Help Desk;20;0
Mardi;19/03/2024;20240319;Help Desk;16;0
Mercredi;20/03/2024;20240320;Help Desk;16;0
Jeudi;21/03/2024;20240321;Help Desk;16;0
Vendredi;22/03/2024;20240322;Help Desk;15;0
Samedi;23/03/2024;20240323;Help Desk;11;0
Dimanche;24/03/2024;20240324;Help Desk;0;0
Lundi;25/03/2024;20240325;Help Desk;19;0
Mardi;26/03/2024;20240326;Help Desk;16;0
Mercredi;27/03/2024;20240327;Help Desk;17;0
Jeudi;28/03/2024;20240328;Help Desk;15;0
Vendredi;29/03/2024;20240329;Help Desk;15;0
Samedi;30/03/2024;20240330;Help Desk;11;0
Dimanche;31/03/2024;20240331;Help Desk;0;0
Vendredi;01/03/2024;20240301;HLB;304;420,6698496
Samedi;02/03/2024;20240302;HLB;210;221,2056
Dimanche;03/03/2024;20240303;HLB;0;0
Lundi;04/03/2024;20240304;HLB;390;503,8431552
Mardi;05/03/2024;20240305;HLB;329;465,163776
Mercredi;06/03/2024;20240306;HLB;332;466,9334208
Jeudi;07/03/2024;20240307;HLB;315;450,5010048
Vendredi;08/03/2024;20240308;HLB;305;420,6698496
Samedi;09/03/2024;20240309;HLB;213;221,2056
Dimanche;10/03/2024;20240310;HLB;0;0
Lundi;11/03/2024;20240311;HLB;391;458,039232
Mardi;12/03/2024;20240312;HLB;345;422,87616
Mercredi;13/03/2024;20240313;HLB;347;424,484928
Jeudi;14/03/2024;20240314;HLB;319;409,546368
Vendredi;15/03/2024;20240315;HLB;305;382,427136
Samedi;16/03/2024;20240316;HLB;217;201,096
Dimanche;17/03/2024;20240317;HLB;0;0
Lundi;18/03/2024;20240318;HLB;397;458,039232
Mardi;19/03/2024;20240319;HLB;326;422,87616
Mercredi;20/03/2024;20240320;HLB;328;424,484928
Jeudi;21/03/2024;20240321;HLB;320;409,546368
Vendredi;22/03/2024;20240322;HLB;300;382,427136
Samedi;23/03/2024;20240323;HLB;214;201,096
Dimanche;24/03/2024;20240324;HLB;0;0
Lundi;25/03/2024;20240325;HLB;393;458,039232
Mardi;26/03/2024;20240326;HLB;330;422,87616
Mercredi;27/03/2024;20240327;HLB;338;424,484928
Jeudi;28/03/2024;20240328;HLB;311;409,546368
Vendredi;29/03/2024;20240329;HLB;298;382,427136
Samedi;30/03/2024;20240330;HLB;222;201,096
Dimanche;31/03/2024;20240331;HLB;0;0
Lundi;01/04/2024;20240401;Help Desk;0;0
Mardi;02/04/2024;20240402;Help Desk;15;0
Mercredi;03/04/2024;20240403;Help Desk;14;0
Jeudi;04/04/2024;20240404;Help Desk;13;0
Vendredi;05/04/2024;20240405;Help Desk;13;0
Samedi;06/04/2024;20240406;Help Desk;9;0
Dimanche;07/04/2024;20240407;Help Desk;0;0
Lundi;08/04/2024;20240408;Help Desk;15;0
Mardi;09/04/2024;20240409;Help Desk;14;0
Mercredi;10/04/2024;20240410;Help Desk;14;0
Jeudi;11/04/2024;20240411;Help Desk;13;0
Vendredi;12/04/2024;20240412;Help Desk;13;0
Samedi;13/04/2024;20240413;Help Desk;9;0
Dimanche;14/04/2024;20240414;Help Desk;0;0
Lundi;15/04/2024;20240415;Help Desk;15;0
Mardi;16/04/2024;20240416;Help Desk;15;0
Mercredi;17/04/2024;20240417;Help Desk;14;0
Jeudi;18/04/2024;20240418;Help Desk;14;0
Vendredi;19/04/2024;20240419;Help Desk;14;0
Samedi;20/04/2024;20240420;Help Desk;10;0
Dimanche;21/04/2024;20240421;Help Desk;0;0
Lundi;22/04/2024;20240422;Help Desk;16;0
Mardi;23/04/2024;20240423;Help Desk;15;0
Mercredi;24/04/2024;20240424;Help Desk;14;0
Jeudi;25/04/2024;20240425;Help Desk;14;0
Vendredi;26/04/2024;20240426;Help Desk;14;0
Samedi;27/04/2024;20240427;Help Desk;9;0
Dimanche;28/04/2024;20240428;Help Desk;0;0
Lundi;29/04/2024;20240429;Help Desk;16;0
Mardi;30/04/2024;20240430;Help Desk;14;0
Lundi;01/04/2024;20240401;HLB;0;0
Mardi;02/04/2024;20240402;HLB;335;422,87616
Mercredi;03/04/2024;20240403;HLB;317;424,484928
Jeudi;04/04/2024;20240404;HLB;304;409,546368
Vendredi;05/04/2024;20240405;HLB;300;382,427136
Samedi;06/04/2024;20240406;HLB;209;201,096
Dimanche;07/04/2024;20240407;HLB;0;0
Lundi;08/04/2024;20240408;HLB;338;503,8431552
Mardi;09/04/2024;20240409;HLB;323;465,163776
Mercredi;10/04/2024;20240410;HLB;315;466,9334208
Jeudi;11/04/2024;20240411;HLB;305;450,5010048
Vendredi;12/04/2024;20240412;HLB;302;420,6698496
Samedi;13/04/2024;20240413;HLB;214;221,2056
Dimanche;14/04/2024;20240414;HLB;0;0
Lundi;15/04/2024;20240415;HLB;343;503,8431552
Mardi;16/04/2024;20240416;HLB;332;465,163776
Mercredi;17/04/2024;20240417;HLB;322;466,9334208
Jeudi;18/04/2024;20240418;HLB;313;450,5010048
Vendredi;19/04/2024;20240419;HLB;309;420,6698496
Samedi;20/04/2024;20240420;HLB;225;221,2056
Dimanche;21/04/2024;20240421;HLB;0;0
Lundi;22/04/2024;20240422;HLB;354;503,8431552
Mardi;23/04/2024;20240423;HLB;338;465,163776
Mercredi;24/04/2024;20240424;HLB;321;466,9334208
Jeudi;25/04/2024;20240425;HLB;311;450,5010048
Vendredi;26/04/2024;20240426;HLB;310;420,6698496
Samedi;27/04/2024;20240427;HLB;211;221,2056
Dimanche;28/04/2024;20240428;HLB;0;0
Lundi;29/04/2024;20240429;HLB;361;503,8431552
Mardi;30/04/2024;20240430;HLB;313;465,163776
